from,to,weight
A5000107564,A5005354635,2
A5000107564,A5010197080,2
A5000107564,A5012876322,1
A5000107564,A5013008788,6
A5000107564,A5013100664,1
A5000107564,A5016225646,1
A5000107564,A5028856691,1
A5000107564,A5033191225,1
A5000107564,A5041032807,4
A5000107564,A5044032458,1
A5000107564,A5047356822,2
A5000107564,A5048826461,1
A5000107564,A5053685251,1
A5000107564,A5060173856,5
A5000107564,A5061940018,4
A5000107564,A5072875451,1
A5000107564,A5074675435,1
A5000107564,A5076431972,1
A5000107564,A5081784119,2
A5000107564,A5082317939,3
A5000107564,A5084013996,1
A5000107564,A5084505638,4
A5000107564,A5091803399,2
A5000112408,A5006534782,1
A5000112408,A5012365378,5
A5000112408,A5090804923,1
A5000525984,A5044989318,1
A5000525984,A5087649170,1
A5000543399,A5029478461,4
A5000543399,A5030279685,1
A5000543399,A5081227066,2
A5000543399,A5113623025,3
A5000584262,A5087547134,1
A5000865519,A5025880572,1
A5000865519,A5069148631,1
A5000865519,A5081578251,1
A5000891823,A5011242216,1
A5000891823,A5028037221,1
A5000891823,A5032868553,2
A5000891823,A5036877484,1
A5000891823,A5044078554,1
A5000891823,A5052530411,1
A5000891823,A5063320988,1
A5000891823,A5069148631,1
A5000891823,A5070982607,1
A5000891823,A5072750119,4
A5000891823,A5081035197,1
A5000891823,A5088242666,1
A5000891823,A5106626822,1
A5001067683,A5006688028,3
A5001067683,A5007439405,2
A5001067683,A5011699441,1
A5001067683,A5012759140,3
A5001067683,A5012876322,3
A5001067683,A5016661983,1
A5001067683,A5027218442,1
A5001067683,A5028037221,3
A5001067683,A5029878693,1
A5001067683,A5030049234,1
A5001067683,A5032764674,7
A5001067683,A5033610162,5
A5001067683,A5034793148,5
A5001067683,A5035810829,1
A5001067683,A5039857832,1
A5001067683,A5043573364,1
A5001067683,A5045878545,3
A5001067683,A5046396400,3
A5001067683,A5047564527,6
A5001067683,A5048174646,1
A5001067683,A5048543419,10
A5001067683,A5048826461,1
A5001067683,A5050988963,1
A5001067683,A5054916699,1
A5001067683,A5057340692,1
A5001067683,A5057785941,1
A5001067683,A5062301987,1
A5001067683,A5069148631,1
A5001067683,A5073135357,1
A5001067683,A5074007788,1
A5001067683,A5081035197,1
A5001067683,A5082317939,1
A5001067683,A5083421133,2
A5001067683,A5087046632,3
A5001067683,A5091168022,1
A5001067683,A5091287571,1
A5001067683,A5092729736,1
A5001067683,A5103360106,1
A5001067683,A5109716564,7
A5001067683,A5110630947,3
A5001067683,A5112531170,4
A5001067683,A5113704869,1
A5001132376,A5031110356,2
A5001132376,A5041774827,1
A5001132376,A5056603621,2
A5001132376,A5082317939,1
A5001216596,A5004439475,5
A5001216596,A5010952763,2
A5001216596,A5012408022,3
A5001216596,A5060692633,2
A5001216596,A5060807542,1
A5001216596,A5063015598,1
A5001335508,A5021049046,2
A5001335508,A5021465562,3
A5001492899,A5008317354,1
A5001492899,A5011629984,3
A5001492899,A5011699441,1
A5001492899,A5012374355,1
A5001492899,A5013280852,2
A5001492899,A5016661983,4
A5001492899,A5016685797,1
A5001492899,A5018527707,2
A5001492899,A5018859861,1
A5001492899,A5023863205,1
A5001492899,A5025187446,1
A5001492899,A5025880572,1
A5001492899,A5027041056,1
A5001492899,A5031110017,7
A5001492899,A5036877484,1
A5001492899,A5040567940,5
A5001492899,A5049564909,2
A5001492899,A5051923615,1
A5001492899,A5053964476,3
A5001492899,A5057126604,2
A5001492899,A5057776184,1
A5001492899,A5063743061,1
A5001492899,A5069148631,3
A5001492899,A5070191034,1
A5001492899,A5070586795,1
A5001492899,A5078269187,1
A5001492899,A5079902325,1
A5001492899,A5082317939,1
A5001492899,A5085169279,1
A5001492899,A5086753224,1
A5001492899,A5087325827,1
A5001492899,A5088827087,9
A5001492899,A5102809458,1
A5001492899,A5108272351,1
A5001492899,A5113088780,1
A5001528490,A5004811696,1
A5001528490,A5009750551,1
A5001528490,A5011699441,8
A5001528490,A5013100664,4
A5001528490,A5013621726,1
A5001528490,A5016661983,2
A5001528490,A5017814792,1
A5001528490,A5018859861,1
A5001528490,A5028037221,2
A5001528490,A5032274863,1
A5001528490,A5034308109,1
A5001528490,A5036305829,1
A5001528490,A5045012778,5
A5001528490,A5056203990,1
A5001528490,A5061940018,1
A5001528490,A5066360531,1
A5001528490,A5069148631,1
A5001528490,A5070191034,1
A5001528490,A5070982607,7
A5001528490,A5072875451,3
A5001528490,A5076831759,6
A5001528490,A5080676459,2
A5001528490,A5082317939,2
A5001528490,A5083404298,1
A5001528490,A5083836369,1
A5001528490,A5102809458,1
A5001528490,A5102978579,4
A5001528490,A5110779309,4
A5001528490,A5110784563,2
A5001650425,A5008140530,1
A5001650425,A5012743135,2
A5001650425,A5016661983,4
A5001650425,A5018859861,4
A5001650425,A5033949116,1
A5001650425,A5036305829,1
A5001650425,A5047966455,4
A5001650425,A5053098672,3
A5001650425,A5070586795,2
A5001650425,A5072750119,1
A5001650425,A5081035197,1
A5001650425,A5082216220,4
A5001650425,A5083972342,4
A5001830341,A5088968386,3
A5002400938,A5009578112,2
A5002400938,A5012876322,1
A5002400938,A5111549449,1
A5002400938,A5113541982,2
A5002414350,A5018184500,4
A5002414350,A5053355169,4
A5002414350,A5061041445,1
A5002830227,A5042349094,1
A5002830227,A5044194027,2
A5002830227,A5071276612,1
A5002830227,A5089238682,3
A5002875489,A5008055496,3
A5002875489,A5031139778,1
A5002875489,A5091823728,1
A5003180048,A5006467789,1
A5003180048,A5006832801,2
A5003180048,A5013204942,1
A5003180048,A5015558286,1
A5003180048,A5018859861,1
A5003180048,A5023497219,1
A5003180048,A5023863205,1
A5003180048,A5025187446,1
A5003180048,A5028037221,1
A5003180048,A5034653468,1
A5003180048,A5035810829,1
A5003180048,A5052530411,1
A5003180048,A5062301987,1
A5003180048,A5063743061,1
A5003180048,A5069148631,7
A5003180048,A5070191034,2
A5003180048,A5071652330,1
A5003180048,A5072875451,1
A5003180048,A5073592308,1
A5003180048,A5074413866,1
A5003180048,A5082317939,1
A5003180048,A5090892962,1
A5003180048,A5109034177,1
A5003180048,A5113088780,2
A5003394536,A5011699441,2
A5003394536,A5013100664,2
A5003394536,A5016742531,7
A5003394536,A5017814792,3
A5003394536,A5030064963,1
A5003394536,A5032735013,8
A5003394536,A5041032807,4
A5003394536,A5043188893,3
A5003394536,A5044019855,2
A5003394536,A5048080984,1
A5003394536,A5051676460,1
A5003394536,A5057177001,4
A5003394536,A5070191034,1
A5003394536,A5082317939,9
A5003394536,A5113522818,2
A5003450317,A5102733584,1
A5004381427,A5009750551,2
A5004381427,A5042349094,1
A5004381427,A5072763035,2
A5004381427,A5080090569,2
A5004381427,A5089238682,5
A5004390499,A5101764189,1
A5004390499,A5108390707,1
A5004426873,A5029553476,1
A5004439475,A5010952763,3
A5004439475,A5012408022,3
A5004439475,A5060692633,2
A5004439475,A5060807542,1
A5004439475,A5063015598,1
A5004789455,A5006534782,3
A5004789455,A5013100664,1
A5004789455,A5059782311,3
A5004789455,A5079902325,3
A5004789455,A5086753224,1
A5004789455,A5088827087,2
A5004811696,A5011699441,1
A5004811696,A5013100664,1
A5004811696,A5028037221,1
A5004811696,A5070982607,2
A5004811696,A5076831759,1
A5004811696,A5082317939,1
A5004811696,A5102978579,1
A5005354635,A5013008788,3
A5005354635,A5041032807,5
A5005354635,A5048826461,2
A5005354635,A5084505638,5
A5005874171,A5012847693,1
A5005874171,A5016019796,4
A5005874171,A5025973947,2
A5005897142,A5016271275,1
A5005897142,A5072875451,3
A5005897142,A5080644663,1
A5005897142,A5109034177,1
A5005897142,A5109967289,1
A5005897142,A5110220409,1
A5005902578,A5037867415,2
A5005902578,A5051872651,4
A5006325353,A5068504550,1
A5006325353,A5075822250,2
A5006325353,A5077898393,3
A5006356414,A5042475926,2
A5006467789,A5011629984,1
A5006467789,A5013204942,1
A5006467789,A5015558286,1
A5006467789,A5018859861,1
A5006467789,A5025187446,1
A5006467789,A5035810829,1
A5006467789,A5059440078,1
A5006467789,A5062099201,2
A5006467789,A5063743061,1
A5006467789,A5066969975,1
A5006467789,A5069752865,5
A5006467789,A5070191034,1
A5006467789,A5071652330,1
A5006467789,A5072875451,1
A5006467789,A5073592308,1
A5006467789,A5074413866,1
A5006467789,A5076431972,1
A5006467789,A5082317939,1
A5006467789,A5090801242,1
A5006467789,A5113270207,2
A5006534782,A5012365378,3
A5006534782,A5013100664,1
A5006534782,A5023497219,1
A5006534782,A5059782311,3
A5006534782,A5079902325,3
A5006534782,A5088827087,2
A5006534782,A5090387325,4
A5006688028,A5013100664,1
A5006688028,A5016971047,1
A5006688028,A5017814792,1
A5006688028,A5025050105,1
A5006688028,A5028037221,8
A5006688028,A5029878693,2
A5006688028,A5031139778,1
A5006688028,A5033610162,3
A5006688028,A5043540971,1
A5006688028,A5048009892,1
A5006688028,A5056203990,1
A5006688028,A5061940018,1
A5006688028,A5063320988,1
A5006688028,A5069148631,2
A5006688028,A5075791672,1
A5006688028,A5082317939,1
A5006688028,A5090892962,2
A5006688028,A5091168022,3
A5006688028,A5110630947,2
A5006688028,A5113088780,2
A5006832801,A5008368468,1
A5006832801,A5013204942,1
A5006832801,A5023863205,3
A5006832801,A5028037221,2
A5006832801,A5034653468,1
A5006832801,A5052530411,3
A5006832801,A5057328117,3
A5006832801,A5062301987,3
A5006832801,A5069148631,7
A5006832801,A5070191034,1
A5006832801,A5071652330,3
A5006832801,A5090892962,1
A5006832801,A5113088780,3
A5006832801,A5114421481,1
A5006923352,A5060807542,1
A5006923352,A5061316622,1
A5007054609,A5007640855,1
A5007054609,A5018859861,2
A5007054609,A5069752865,1
A5007054609,A5078322786,2
A5007054609,A5091544501,1
A5007384448,A5019713538,4
A5007384448,A5045878545,4
A5007439405,A5013280852,1
A5007439405,A5025880572,1
A5007439405,A5046396400,1
A5007439405,A5047564527,1
A5007439405,A5069148631,2
A5007439405,A5081035197,3
A5007439405,A5091287571,2
A5007439405,A5110630947,2
A5007439405,A5113088780,1
A5007640855,A5011242216,1
A5007640855,A5018859861,1
A5007640855,A5043849609,1
A5007640855,A5078322786,1
A5007687266,A5013280852,3
A5007687266,A5019685067,1
A5007687266,A5049564909,1
A5007687266,A5051923615,1
A5007687266,A5057373201,1
A5007687266,A5066146362,1
A5008055496,A5031139778,1
A5008055496,A5091823728,4
A5008055496,A5108466435,3
A5008112559,A5011629984,3
A5008112559,A5063300784,2
A5008112559,A5086535026,3
A5008140530,A5011699441,1
A5008140530,A5013100664,1
A5008140530,A5027675948,1
A5008140530,A5028037221,1
A5008140530,A5033949116,1
A5008140530,A5036305829,4
A5008140530,A5044790718,1
A5008140530,A5047356822,1
A5008140530,A5047966455,1
A5008140530,A5051923615,1
A5008140530,A5052473626,2
A5008140530,A5066071163,1
A5008140530,A5079542269,3
A5008140530,A5082216220,1
A5008140530,A5082317939,4
A5008140530,A5083972342,1
A5008140530,A5086942147,2
A5008140530,A5102978579,1
A5008140530,A5109505237,2
A5008140530,A5110779309,1
A5008140530,A5110784563,1
A5008317354,A5011629984,1
A5008317354,A5016661983,1
A5008317354,A5016685797,1
A5008317354,A5018859861,1
A5008317354,A5025880572,1
A5008317354,A5031110017,1
A5008317354,A5063743061,1
A5008317354,A5069148631,1
A5008317354,A5070191034,1
A5008317354,A5078269187,1
A5008317354,A5087325827,1
A5008317354,A5102809458,1
A5008368468,A5023863205,1
A5008368468,A5024216881,2
A5008368468,A5028037221,1
A5008368468,A5034653468,1
A5008368468,A5052530411,1
A5008368468,A5062301987,1
A5008368468,A5069148631,3
A5008368468,A5070191034,1
A5008368468,A5113088780,1
A5008368468,A5114421481,3
A5008724231,A5013100664,1
A5008724231,A5020969178,3
A5008724231,A5025547638,1
A5008724231,A5060471197,5
A5008724231,A5079101984,3
A5008724231,A5082317939,2
A5008964124,A5042349094,1
A5008964124,A5089238682,2
A5009425845,A5070433559,2
A5009578112,A5018332222,2
A5009578112,A5076115449,2
A5009578112,A5102794157,1
A5009578112,A5111549449,1
A5009750551,A5011699441,1
A5009750551,A5013100664,1
A5009750551,A5015232509,1
A5009750551,A5017814792,1
A5009750551,A5019461192,1
A5009750551,A5032274863,1
A5009750551,A5032704528,1
A5009750551,A5042349094,1
A5009750551,A5046884997,2
A5009750551,A5060109562,5
A5009750551,A5061940018,1
A5009750551,A5065914163,5
A5009750551,A5072875451,1
A5009750551,A5082317939,1
A5009750551,A5083836369,1
A5009750551,A5089238682,5
A5009750551,A5090365407,6
A5010128596,A5069935336,1
A5010197080,A5038678158,1
A5010197080,A5039530170,3
A5010197080,A5041032807,1
A5010197080,A5074675435,4
A5010197080,A5084013996,1
A5010197080,A5091803399,3
A5010315779,A5036711597,3
A5010315779,A5111892174,1
A5010853864,A5056603621,1
A5010952763,A5012408022,1
A5011209075,A5011629984,6
A5011209075,A5018184500,4
A5011209075,A5027889580,2
A5011209075,A5037587487,1
A5011209075,A5059440078,3
A5011209075,A5063300784,2
A5011209075,A5076431972,1
A5011209075,A5078953524,2
A5011209075,A5090801242,3
A5011224527,A5050552933,2
A5011224527,A5069148631,1
A5011224527,A5070191034,3
A5011224527,A5113088780,1
A5011242216,A5016661983,1
A5011242216,A5028037221,2
A5011242216,A5032868553,1
A5011242216,A5043849609,1
A5011242216,A5048915779,1
A5011242216,A5063320988,1
A5011242216,A5065064859,1
A5011242216,A5066146362,1
A5011242216,A5081035197,1
A5011242216,A5103136829,1
A5011242216,A5106626822,1
A5011242216,A5110630947,1
A5011242216,A5113719320,1
A5011581208,A5012773550,5
A5011581208,A5028864885,2
A5011581208,A5031139778,6
A5011581208,A5064671153,5
A5011629984,A5011699441,1
A5011629984,A5012374355,1
A5011629984,A5016661983,1
A5011629984,A5016685797,1
A5011629984,A5017175608,1
A5011629984,A5018184500,7
A5011629984,A5018859861,1
A5011629984,A5022951061,1
A5011629984,A5025187446,1
A5011629984,A5025880572,6
A5011629984,A5027041056,1
A5011629984,A5027534799,1
A5011629984,A5027889580,7
A5011629984,A5028037221,1
A5011629984,A5031110017,1
A5011629984,A5031641861,1
A5011629984,A5034464331,2
A5011629984,A5037587487,4
A5011629984,A5039942631,5
A5011629984,A5044078554,1
A5011629984,A5044457502,1
A5011629984,A5059440078,7
A5011629984,A5062978375,3
A5011629984,A5063300784,7
A5011629984,A5063743061,1
A5011629984,A5064567858,5
A5011629984,A5065340366,1
A5011629984,A5069148631,2
A5011629984,A5070191034,1
A5011629984,A5071276612,1
A5011629984,A5076431972,2
A5011629984,A5078269187,2
A5011629984,A5078953524,8
A5011629984,A5079542269,1
A5011629984,A5079902325,2
A5011629984,A5082317939,1
A5011629984,A5086535026,3
A5011629984,A5086753224,1
A5011629984,A5087325827,1
A5011629984,A5088242666,2
A5011629984,A5088827087,1
A5011629984,A5090801242,13
A5011629984,A5102809458,2
A5011629984,A5108272351,1
A5011629984,A5108408989,1
A5011629984,A5113088780,1
A5011699441,A5012374355,1
A5011699441,A5013100664,28
A5011699441,A5013621726,1
A5011699441,A5016661983,3
A5011699441,A5016742531,6
A5011699441,A5017814792,3
A5011699441,A5018859861,1
A5011699441,A5022454110,3
A5011699441,A5027041056,1
A5011699441,A5027218442,3
A5011699441,A5028037221,5
A5011699441,A5030064963,4
A5011699441,A5031139778,1
A5011699441,A5032274863,3
A5011699441,A5032735013,6
A5011699441,A5034143474,1
A5011699441,A5034308109,2
A5011699441,A5036305829,1
A5011699441,A5043540971,3
A5011699441,A5044019855,1
A5011699441,A5045012778,3
A5011699441,A5048543419,1
A5011699441,A5048808463,1
A5011699441,A5048826461,1
A5011699441,A5050988963,2
A5011699441,A5055063854,2
A5011699441,A5056203990,2
A5011699441,A5057340692,2
A5011699441,A5059405104,1
A5011699441,A5060471197,1
A5011699441,A5061940018,2
A5011699441,A5066071163,1
A5011699441,A5066360531,1
A5011699441,A5066745776,2
A5011699441,A5069148631,2
A5011699441,A5070191034,3
A5011699441,A5070982607,14
A5011699441,A5072875451,3
A5011699441,A5073135357,3
A5011699441,A5075791672,1
A5011699441,A5076831759,5
A5011699441,A5077548094,2
A5011699441,A5080676459,2
A5011699441,A5082317939,23
A5011699441,A5083836369,1
A5011699441,A5086753224,1
A5011699441,A5088827087,2
A5011699441,A5090284833,3
A5011699441,A5092729736,2
A5011699441,A5102978579,4
A5011699441,A5110720034,1
A5011699441,A5110779309,4
A5011699441,A5110784563,2
A5012116020,A5014646667,1
A5012116020,A5018184500,1
A5012116020,A5023497219,3
A5012116020,A5056037781,1
A5012116020,A5060216580,1
A5012116020,A5109034177,1
A5012365378,A5018184500,1
A5012365378,A5028598484,1
A5012365378,A5032868553,1
A5012365378,A5034143474,1
A5012365378,A5038542529,2
A5012365378,A5043573364,13
A5012365378,A5046814329,2
A5012365378,A5048543419,2
A5012365378,A5059497335,2
A5012365378,A5069148631,1
A5012365378,A5076831759,1
A5012365378,A5090804923,1
A5012365378,A5104035144,2
A5012365378,A5110779309,1
A5012374355,A5016661983,3
A5012374355,A5018859861,3
A5012374355,A5027041056,1
A5012374355,A5063743061,1
A5012374355,A5069148631,1
A5012374355,A5070191034,4
A5012374355,A5073592308,2
A5012374355,A5074413866,2
A5012374355,A5086753224,1
A5012374355,A5088827087,1
A5012393751,A5053475924,1
A5012393751,A5089924598,1
A5012408022,A5050977143,2
A5012408022,A5060692633,3
A5012408022,A5060807542,2
A5012408022,A5064266968,1
A5012574267,A5024182200,3
A5012574267,A5080534387,3
A5012743135,A5047966455,3
A5012743135,A5053098672,1
A5012743135,A5072750119,2
A5012743135,A5082216220,2
A5012743135,A5083972342,2
A5012759140,A5032764674,2
A5012759140,A5047564527,3
A5012759140,A5048543419,3
A5012759140,A5071652330,1
A5012759140,A5074007788,1
A5012759140,A5083421133,2
A5012759140,A5112531170,1
A5012773550,A5028864885,2
A5012773550,A5031139778,4
A5012773550,A5064671153,3
A5012847693,A5016019796,1
A5012847693,A5018184500,1
A5012847693,A5018413714,1
A5012847693,A5025973947,1
A5012847693,A5033040755,1
A5012847693,A5036711597,1
A5012847693,A5046008896,1
A5012847693,A5046656252,1
A5012847693,A5047196429,1
A5012847693,A5049695139,1
A5012847693,A5053475924,1
A5012847693,A5055719824,1
A5012847693,A5065340366,3
A5012847693,A5070433559,1
A5012847693,A5071276612,4
A5012847693,A5081227066,1
A5012847693,A5087649170,2
A5012847693,A5103098022,1
A5012876322,A5016661983,1
A5012876322,A5019762823,1
A5012876322,A5020741280,4
A5012876322,A5024153521,3
A5012876322,A5028895333,2
A5012876322,A5032764674,1
A5012876322,A5034143474,3
A5012876322,A5035810829,1
A5012876322,A5036305829,1
A5012876322,A5043573364,1
A5012876322,A5045878545,1
A5012876322,A5048543419,2
A5012876322,A5052473626,1
A5012876322,A5059782311,1
A5012876322,A5065858252,1
A5012876322,A5069752865,3
A5012876322,A5079542269,1
A5012876322,A5080676459,1
A5012876322,A5086942147,1
A5012876322,A5087046632,1
A5012876322,A5109505237,1
A5012876322,A5109716564,3
A5012876322,A5113704869,3
A5012920809,A5013254490,1
A5012920809,A5078383610,2
A5013008788,A5041032807,3
A5013008788,A5060173856,4
A5013008788,A5061940018,1
A5013008788,A5084505638,3
A5013100664,A5013621726,2
A5013100664,A5016661983,4
A5013100664,A5016742531,7
A5013100664,A5016971047,2
A5013100664,A5017814792,14
A5013100664,A5018859861,3
A5013100664,A5022454110,3
A5013100664,A5025050105,2
A5013100664,A5027218442,1
A5013100664,A5027680128,1
A5013100664,A5028037221,3
A5013100664,A5028856691,2
A5013100664,A5030064963,3
A5013100664,A5031139778,3
A5013100664,A5032274863,4
A5013100664,A5032735013,3
A5013100664,A5033275174,3
A5013100664,A5043188893,1
A5013100664,A5043540971,7
A5013100664,A5044019855,2
A5013100664,A5045012778,1
A5013100664,A5048009892,1
A5013100664,A5048808463,1
A5013100664,A5048826461,1
A5013100664,A5049230655,1
A5013100664,A5050988963,2
A5013100664,A5055063854,2
A5013100664,A5056603621,1
A5013100664,A5057340692,2
A5013100664,A5059782311,1
A5013100664,A5060471197,2
A5013100664,A5061940018,6
A5013100664,A5063743061,1
A5013100664,A5066071163,3
A5013100664,A5066360531,1
A5013100664,A5066745776,2
A5013100664,A5069148631,5
A5013100664,A5069752865,1
A5013100664,A5070191034,6
A5013100664,A5070788637,3
A5013100664,A5070982607,12
A5013100664,A5072875451,3
A5013100664,A5073135357,1
A5013100664,A5073592308,1
A5013100664,A5074413866,1
A5013100664,A5075791672,4
A5013100664,A5076831759,2
A5013100664,A5077548094,6
A5013100664,A5079101984,1
A5013100664,A5079902325,1
A5013100664,A5080676459,2
A5013100664,A5082317939,34
A5013100664,A5083836369,3
A5013100664,A5088827087,1
A5013100664,A5090284833,4
A5013100664,A5090892962,2
A5013100664,A5091168022,4
A5013100664,A5092729736,1
A5013100664,A5102978579,1
A5013100664,A5103400387,2
A5013100664,A5110720034,1
A5013100664,A5110779309,4
A5013100664,A5110784563,2
A5013100664,A5113088780,2
A5013100664,A5113560572,1
A5013204942,A5015558286,1
A5013204942,A5016661983,3
A5013204942,A5018859861,4
A5013204942,A5025187446,1
A5013204942,A5035810829,1
A5013204942,A5063743061,1
A5013204942,A5070191034,1
A5013204942,A5070586795,2
A5013204942,A5071652330,1
A5013204942,A5072875451,1
A5013204942,A5073592308,1
A5013204942,A5074413866,1
A5013204942,A5082317939,1
A5013204942,A5113136263,1
A5013254490,A5046884997,1
A5013254490,A5048543419,1
A5013254490,A5082610917,53
A5013280852,A5016661983,7
A5013280852,A5017175608,1
A5013280852,A5018527707,4
A5013280852,A5019685067,1
A5013280852,A5028316837,2
A5013280852,A5034197652,1
A5013280852,A5035810829,1
A5013280852,A5047564527,1
A5013280852,A5049564909,3
A5013280852,A5051923615,2
A5013280852,A5052729398,1
A5013280852,A5057373201,3
A5013280852,A5066146362,5
A5013280852,A5066360531,1
A5013280852,A5070191034,2
A5013280852,A5070586795,1
A5013280852,A5071652330,1
A5013280852,A5088312740,1
A5013280852,A5088827087,2
A5013280852,A5109034177,1
A5013280852,A5110630947,1
A5013621726,A5014408261,2
A5013621726,A5016742531,3
A5013621726,A5019461192,1
A5013621726,A5026270606,3
A5013621726,A5028377058,2
A5013621726,A5043188893,5
A5013621726,A5045012778,1
A5013621726,A5048826461,1
A5013621726,A5049230655,4
A5013621726,A5065169935,3
A5013621726,A5067086329,4
A5013621726,A5070788637,3
A5013621726,A5070982607,1
A5013621726,A5077548094,8
A5013621726,A5082317939,14
A5013621726,A5103400387,2
A5013621726,A5112655829,3
A5014164821,A5050504067,2
A5014164821,A5067636916,4
A5014164821,A5100426907,3
A5014164821,A5108643866,1
A5014408261,A5033196325,1
A5014408261,A5043188893,1
A5014408261,A5049230655,1
A5014408261,A5070788637,1
A5014408261,A5070982607,1
A5014408261,A5082317939,3
A5014558438,A5052870098,4
A5014558438,A5091823728,1
A5014569206,A5028146995,3
A5014569206,A5048826461,1
A5014646667,A5023497219,4
A5015089075,A5016661983,1
A5015232509,A5016661983,1
A5015232509,A5048808463,1
A5015232509,A5070191034,1
A5015232509,A5082317939,1
A5015232509,A5091337146,1
A5015558286,A5016661983,3
A5015558286,A5018859861,1
A5015558286,A5025187446,1
A5015558286,A5035810829,1
A5015558286,A5054134645,1
A5015558286,A5059790025,1
A5015558286,A5063743061,1
A5015558286,A5070191034,1
A5015558286,A5071652330,1
A5015558286,A5072875451,1
A5015558286,A5073201050,1
A5015558286,A5073592308,1
A5015558286,A5074413866,3
A5015558286,A5082317939,1
A5015681178,A5030279685,2
A5015681178,A5062124795,2
A5015681178,A5065061744,2
A5015681178,A5071278375,1
A5015684691,A5018318638,5
A5016019796,A5025973947,1
A5016225646,A5032704528,1
A5016225646,A5047747187,4
A5016225646,A5072875451,1
A5016225646,A5082317939,6
A5016225646,A5109859959,1
A5016271275,A5066383890,1
A5016271275,A5080644663,2
A5016271275,A5109034177,1
A5016271275,A5109967289,2
A5016271275,A5110220409,1
A5016412131,A5084729510,8
A5016661983,A5016685797,3
A5016661983,A5017814792,1
A5016661983,A5018527707,5
A5016661983,A5018859861,32
A5016661983,A5025880572,1
A5016661983,A5027680128,4
A5016661983,A5028037221,1
A5016661983,A5028316837,3
A5016661983,A5031110017,5
A5016661983,A5032764674,1
A5016661983,A5034197652,2
A5016661983,A5035810829,6
A5016661983,A5036877484,1
A5016661983,A5039942631,1
A5016661983,A5043540971,1
A5016661983,A5048543419,1
A5016661983,A5048915779,1
A5016661983,A5049564909,2
A5016661983,A5051923615,7
A5016661983,A5052729398,2
A5016661983,A5054134645,1
A5016661983,A5055876951,1
A5016661983,A5056603621,1
A5016661983,A5057126604,2
A5016661983,A5057373201,2
A5016661983,A5059790025,1
A5016661983,A5063743061,9
A5016661983,A5065064859,1
A5016661983,A5066146362,4
A5016661983,A5066360531,2
A5016661983,A5069148631,2
A5016661983,A5070191034,23
A5016661983,A5070586795,12
A5016661983,A5070801097,1
A5016661983,A5070982607,7
A5016661983,A5071652330,2
A5016661983,A5072875451,2
A5016661983,A5073201050,2
A5016661983,A5073592308,11
A5016661983,A5073845463,4
A5016661983,A5074413866,16
A5016661983,A5078269187,1
A5016661983,A5080676459,2
A5016661983,A5082317939,2
A5016661983,A5087046632,1
A5016661983,A5087325827,1
A5016661983,A5088827087,2
A5016661983,A5102809458,1
A5016661983,A5109034177,3
A5016661983,A5109716564,1
A5016661983,A5110779309,2
A5016661983,A5110784563,2
A5016661983,A5113136263,3
A5016661983,A5113704869,1
A5016661983,A5113719320,1
A5016685797,A5018859861,2
A5016685797,A5025880572,1
A5016685797,A5031110017,2
A5016685797,A5063743061,2
A5016685797,A5069148631,1
A5016685797,A5070191034,2
A5016685797,A5074413866,1
A5016685797,A5078269187,1
A5016685797,A5087325827,1
A5016685797,A5102809458,1
A5016685797,A5113136263,1
A5016742531,A5017814792,5
A5016742531,A5019461192,1
A5016742531,A5022454110,1
A5016742531,A5025187446,2
A5016742531,A5026270606,1
A5016742531,A5030064963,2
A5016742531,A5032056654,2
A5016742531,A5032274863,1
A5016742531,A5032735013,8
A5016742531,A5041032807,4
A5016742531,A5043188893,8
A5016742531,A5043540971,1
A5016742531,A5044019855,1
A5016742531,A5044288720,1
A5016742531,A5048080984,2
A5016742531,A5049230655,1
A5016742531,A5051676460,1
A5016742531,A5055063854,2
A5016742531,A5057177001,4
A5016742531,A5060109562,1
A5016742531,A5065169935,1
A5016742531,A5067086329,1
A5016742531,A5069148631,1
A5016742531,A5070788637,2
A5016742531,A5071026980,1
A5016742531,A5077548094,6
A5016742531,A5080090569,1
A5016742531,A5082317939,25
A5016742531,A5088312740,2
A5016742531,A5090365407,1
A5016742531,A5103400387,1
A5016742531,A5112655829,1
A5016742531,A5113522818,2
A5016971047,A5017814792,1
A5016971047,A5025050105,2
A5016971047,A5031139778,1
A5016971047,A5043540971,2
A5016971047,A5048009892,1
A5016971047,A5061940018,2
A5016971047,A5075791672,3
A5016971047,A5082317939,1
A5016971047,A5090892962,1
A5016971047,A5091168022,3
A5017115819,A5050977143,3
A5017115819,A5060692633,3
A5017115819,A5063914974,2
A5017175608,A5025187446,1
A5017175608,A5031118859,2
A5017175608,A5034197652,1
A5017175608,A5037267902,3
A5017175608,A5065064859,1
A5017175608,A5070801097,8
A5017175608,A5080644663,1
A5017175608,A5088312740,6
A5017175608,A5108398818,3
A5017600916,A5034448431,1
A5017600916,A5070433559,3
A5017613722,A5069148631,1
A5017716120,A5037867415,1
A5017716120,A5051558141,2
A5017716120,A5054754228,3
A5017716120,A5085551769,2
A5017814792,A5018859861,1
A5017814792,A5022454110,1
A5017814792,A5025050105,2
A5017814792,A5028037221,2
A5017814792,A5031139778,2
A5017814792,A5032274863,3
A5017814792,A5032735013,5
A5017814792,A5034308109,1
A5017814792,A5041032807,2
A5017814792,A5043188893,1
A5017814792,A5043540971,4
A5017814792,A5048009892,1
A5017814792,A5048080984,1
A5017814792,A5057177001,2
A5017814792,A5061940018,3
A5017814792,A5069148631,1
A5017814792,A5070191034,2
A5017814792,A5072875451,1
A5017814792,A5075791672,3
A5017814792,A5076831759,1
A5017814792,A5077548094,1
A5017814792,A5082317939,17
A5017814792,A5083836369,3
A5017814792,A5090892962,2
A5017814792,A5091168022,2
A5017814792,A5110779309,1
A5017814792,A5113088780,1
A5017814792,A5113560572,1
A5018184500,A5023497219,1
A5018184500,A5024021025,1
A5018184500,A5027889580,2
A5018184500,A5028037221,1
A5018184500,A5029478461,1
A5018184500,A5031641861,1
A5018184500,A5037587487,2
A5018184500,A5039942631,2
A5018184500,A5044078554,1
A5018184500,A5052611662,3
A5018184500,A5053355169,23
A5018184500,A5055719824,1
A5018184500,A5055876951,1
A5018184500,A5059440078,2
A5018184500,A5060046728,5
A5018184500,A5061041445,4
A5018184500,A5063300784,2
A5018184500,A5065061744,1
A5018184500,A5068707905,1
A5018184500,A5069752865,1
A5018184500,A5070636380,2
A5018184500,A5073945857,1
A5018184500,A5078322786,1
A5018184500,A5078953524,2
A5018184500,A5079542269,1
A5018184500,A5081035197,1
A5018184500,A5081227066,1
A5018184500,A5082317939,1
A5018184500,A5089238682,1
A5018184500,A5090801242,4
A5018184500,A5091544501,1
A5018184500,A5103098022,2
A5018184500,A5108209670,1
A5018184500,A5109034177,1
A5018332222,A5076115449,2
A5018413714,A5044457502,1
A5018527707,A5028316837,3
A5018527707,A5034197652,2
A5018527707,A5035810829,1
A5018527707,A5049564909,2
A5018527707,A5057373201,1
A5018527707,A5066146362,3
A5018527707,A5066360531,2
A5018527707,A5070191034,3
A5018527707,A5070586795,1
A5018527707,A5088827087,2
A5018783575,A5024021025,5
A5018859861,A5025187446,1
A5018859861,A5025880572,1
A5018859861,A5027680128,4
A5018859861,A5028037221,1
A5018859861,A5031110017,2
A5018859861,A5035810829,5
A5018859861,A5036877484,1
A5018859861,A5037429073,1
A5018859861,A5051923615,4
A5018859861,A5056603621,1
A5018859861,A5057126604,1
A5018859861,A5063743061,13
A5018859861,A5069148631,2
A5018859861,A5069752865,1
A5018859861,A5070191034,19
A5018859861,A5070586795,11
A5018859861,A5070982607,6
A5018859861,A5071652330,2
A5018859861,A5072875451,2
A5018859861,A5073201050,1
A5018859861,A5073592308,12
A5018859861,A5073845463,2
A5018859861,A5074413866,15
A5018859861,A5078269187,1
A5018859861,A5078322786,5
A5018859861,A5080676459,1
A5018859861,A5081227066,2
A5018859861,A5082317939,3
A5018859861,A5087325827,1
A5018859861,A5090892962,1
A5018859861,A5091544501,1
A5018859861,A5102809458,1
A5018859861,A5110779309,1
A5018859861,A5110784563,1
A5018859861,A5113088780,1
A5018859861,A5113136263,2
A5018859861,A5113560572,1
A5019373940,A5049470689,1
A5019441522,A5064671153,1
A5019441522,A5090387325,1
A5019461192,A5038678158,2
A5019461192,A5039530170,4
A5019461192,A5048826461,1
A5019461192,A5070788637,1
A5019461192,A5077548094,1
A5019461192,A5082317939,4
A5019461192,A5089238682,2
A5019685067,A5024021025,2
A5019685067,A5049564909,1
A5019685067,A5057373201,1
A5019685067,A5066146362,1
A5019685067,A5088312740,1
A5019713538,A5027171768,4
A5019713538,A5045878545,9
A5019713538,A5060875407,3
A5019713538,A5089573174,1
A5019762823,A5025998424,1
A5019762823,A5069752865,7
A5020061264,A5049470689,3
A5020212862,A5082972481,3
A5020741280,A5069752865,1
A5020893508,A5060692633,1
A5020893508,A5063015598,1
A5020893508,A5063914974,3
A5020893508,A5064266968,1
A5020893508,A5076678428,1
A5020893508,A5112822084,5
A5020969178,A5025547638,2
A5020969178,A5060471197,10
A5020969178,A5079101984,1
A5020969178,A5082317939,2
A5021873392,A5047835964,5
A5022414949,A5034928073,2
A5022414949,A5041915722,2
A5022414949,A5051558141,1
A5022414949,A5055340306,1
A5022414949,A5085551769,1
A5022454110,A5030064963,1
A5022454110,A5042814789,1
A5022454110,A5043188893,2
A5022454110,A5048080984,1
A5022454110,A5051676460,1
A5022454110,A5052388281,1
A5022454110,A5055063854,1
A5022454110,A5071026980,2
A5022454110,A5075822250,1
A5022454110,A5077548094,3
A5022454110,A5077898393,2
A5022454110,A5082317939,10
A5022454110,A5113522818,2
A5022951061,A5028037221,2
A5022951061,A5102967752,1
A5022951061,A5113088780,1
A5023461544,A5108390707,1
A5023497219,A5024021025,1
A5023497219,A5053419666,1
A5023497219,A5069752865,1
A5023497219,A5090387325,1
A5023497219,A5109034177,3
A5023863205,A5024216881,1
A5023863205,A5028037221,2
A5023863205,A5052530411,3
A5023863205,A5057328117,2
A5023863205,A5062301987,3
A5023863205,A5069148631,5
A5023863205,A5070191034,1
A5023863205,A5088827087,1
A5023863205,A5113088780,3
A5023863205,A5114421481,1
A5024021025,A5053355169,1
A5024153521,A5069752865,1
A5024182200,A5080534387,3
A5024216881,A5028037221,1
A5024216881,A5052530411,1
A5024216881,A5062301987,1
A5024216881,A5069148631,3
A5024216881,A5070191034,1
A5024216881,A5113088780,1
A5024216881,A5114421481,2
A5024865480,A5036877484,1
A5024865480,A5037267902,1
A5024865480,A5039739050,1
A5024865480,A5062808515,1
A5024865480,A5066383890,1
A5024865480,A5070801097,1
A5024865480,A5076831759,1
A5024865480,A5080644663,2
A5025050105,A5031139778,1
A5025050105,A5043540971,2
A5025050105,A5048009892,1
A5025050105,A5061940018,2
A5025050105,A5075791672,3
A5025050105,A5082317939,1
A5025050105,A5090892962,1
A5025050105,A5091168022,3
A5025187446,A5031118859,2
A5025187446,A5032056654,3
A5025187446,A5034342780,1
A5025187446,A5035810829,1
A5025187446,A5050988963,1
A5025187446,A5053638242,1
A5025187446,A5063743061,1
A5025187446,A5070191034,1
A5025187446,A5070801097,2
A5025187446,A5071652330,1
A5025187446,A5072875451,1
A5025187446,A5073592308,1
A5025187446,A5074413866,1
A5025187446,A5079101984,1
A5025187446,A5079902325,2
A5025187446,A5080541214,1
A5025187446,A5082317939,7
A5025187446,A5083643690,1
A5025187446,A5085169279,1
A5025187446,A5088312740,5
A5025187446,A5108272351,1
A5025187446,A5108398818,1
A5025187446,A5113088780,3
A5025496316,A5038885386,1
A5025496316,A5052530411,2
A5025547638,A5048009892,1
A5025547638,A5060471197,4
A5025547638,A5068907565,2
A5025547638,A5072875451,2
A5025547638,A5082317939,1
A5025547638,A5084013996,1
A5025547638,A5090892962,1
A5025547638,A5102967752,1
A5025880572,A5030049234,1
A5025880572,A5031110017,1
A5025880572,A5031641861,1
A5025880572,A5039942631,1
A5025880572,A5062978375,1
A5025880572,A5063743061,1
A5025880572,A5069148631,7
A5025880572,A5070191034,1
A5025880572,A5078269187,1
A5025880572,A5078953524,1
A5025880572,A5081035197,3
A5025880572,A5087325827,1
A5025880572,A5090913993,2
A5025880572,A5091287571,2
A5025880572,A5102809458,1
A5025880572,A5113088780,2
A5025973947,A5109034177,1
A5025998424,A5069752865,3
A5026270606,A5043188893,4
A5026270606,A5065169935,3
A5026270606,A5067086329,4
A5026270606,A5077548094,4
A5026270606,A5082317939,4
A5026270606,A5112655829,3
A5026780373,A5034448431,1
A5026780373,A5044765259,1
A5026780373,A5086315389,1
A5026780373,A5112363386,1
A5027041056,A5031110356,1
A5027041056,A5056603621,1
A5027041056,A5069148631,1
A5027041056,A5086753224,1
A5027041056,A5088827087,1
A5027135636,A5028845829,1
A5027135636,A5073592600,1
A5027171768,A5045878545,4
A5027171768,A5060875407,3
A5027218442,A5050988963,2
A5027218442,A5057340692,2
A5027218442,A5066745776,1
A5027218442,A5070982607,1
A5027218442,A5073135357,3
A5027218442,A5082317939,2
A5027218442,A5092729736,2
A5027534799,A5037587487,1
A5027534799,A5090801242,1
A5027675948,A5036305829,1
A5027675948,A5044790718,1
A5027675948,A5047356822,1
A5027675948,A5051923615,1
A5027675948,A5079542269,1
A5027675948,A5102978579,1
A5027675948,A5109505237,1
A5027675948,A5110779309,1
A5027675948,A5110784563,1
A5027680128,A5051923615,1
A5027680128,A5063743061,1
A5027680128,A5070191034,4
A5027680128,A5070982607,2
A5027680128,A5073592308,4
A5027680128,A5074413866,4
A5027680128,A5082317939,1
A5027733732,A5056603621,1
A5027889580,A5037587487,3
A5027889580,A5044457502,1
A5027889580,A5059440078,3
A5027889580,A5063300784,3
A5027889580,A5076431972,1
A5027889580,A5078953524,3
A5027889580,A5090801242,4
A5028037221,A5029878693,3
A5028037221,A5031139778,2
A5028037221,A5032868553,4
A5028037221,A5033610162,3
A5028037221,A5034308109,2
A5028037221,A5036305829,1
A5028037221,A5043540971,1
A5028037221,A5045012778,2
A5028037221,A5048009892,2
A5028037221,A5048915779,1
A5028037221,A5050988963,1
A5028037221,A5052530411,2
A5028037221,A5056203990,4
A5028037221,A5057328117,1
A5028037221,A5062301987,2
A5028037221,A5063320988,3
A5028037221,A5065064859,1
A5028037221,A5066071163,1
A5028037221,A5069148631,7
A5028037221,A5070191034,4
A5028037221,A5070982607,1
A5028037221,A5075791672,1
A5028037221,A5076431972,2
A5028037221,A5076831759,2
A5028037221,A5081035197,2
A5028037221,A5081578251,4
A5028037221,A5082317939,6
A5028037221,A5084013996,2
A5028037221,A5089238682,1
A5028037221,A5090892962,4
A5028037221,A5091168022,2
A5028037221,A5102978579,1
A5028037221,A5106626822,2
A5028037221,A5110630947,2
A5028037221,A5110779309,1
A5028037221,A5113088780,8
A5028037221,A5113560572,1
A5028037221,A5113719320,1
A5028037221,A5114421481,1
A5028219915,A5066383890,2
A5028294242,A5108209670,4
A5028316837,A5034197652,2
A5028316837,A5035810829,1
A5028316837,A5057373201,1
A5028316837,A5066146362,3
A5028316837,A5066360531,2
A5028316837,A5070191034,3
A5028377058,A5049230655,1
A5028377058,A5070788637,1
A5028377058,A5077548094,3
A5028377058,A5079679187,2
A5028377058,A5082317939,3
A5028377058,A5091337146,1
A5028377058,A5103400387,1
A5028845829,A5036402089,1
A5028845829,A5073592600,2
A5028845829,A5101703928,1
A5028856691,A5033275174,2
A5028856691,A5034197652,1
A5028856691,A5056603621,1
A5028856691,A5061940018,4
A5028856691,A5062808515,1
A5028856691,A5070788637,1
A5028856691,A5077548094,2
A5028856691,A5080644663,1
A5028856691,A5082317939,2
A5028856691,A5084013996,1
A5028856691,A5103400387,1
A5028864885,A5031139778,9
A5028864885,A5032868553,2
A5028864885,A5046396400,1
A5028864885,A5106626822,2
A5028895333,A5034143474,3
A5028895333,A5048543419,1
A5028895333,A5104035144,1
A5028918808,A5091727400,3
A5029478461,A5030279685,1
A5029478461,A5034143474,1
A5029478461,A5065061744,1
A5029478461,A5074140145,1
A5029478461,A5081227066,6
A5029478461,A5113623025,3
A5029635426,A5081578251,1
A5029878693,A5033610162,1
A5029878693,A5056203990,1
A5030049234,A5039942631,1
A5030049234,A5045878545,5
A5030049234,A5048543419,1
A5030049234,A5069148631,1
A5030049234,A5081035197,1
A5030049234,A5089573174,5
A5030064963,A5032735013,1
A5030064963,A5044019855,2
A5030064963,A5070191034,1
A5030064963,A5077548094,2
A5030064963,A5082317939,4
A5030064963,A5110720034,1
A5030279685,A5047687950,3
A5030279685,A5048174646,1
A5030279685,A5062124795,3
A5030279685,A5065061744,2
A5030279685,A5066221993,3
A5030279685,A5081227066,1
A5030279685,A5110220409,1
A5030279685,A5113623025,1
A5030687631,A5066745776,4
A5031078989,A5049750023,3
A5031110017,A5036877484,1
A5031110017,A5040567940,4
A5031110017,A5051923615,2
A5031110017,A5057126604,4
A5031110017,A5057373201,2
A5031110017,A5063743061,2
A5031110017,A5069148631,1
A5031110017,A5070191034,3
A5031110017,A5078269187,1
A5031110017,A5085169279,1
A5031110017,A5087325827,1
A5031110017,A5088827087,1
A5031110017,A5102809458,1
A5031110017,A5113136263,1
A5031110356,A5044878128,1
A5031110356,A5056603621,5
A5031110356,A5082317939,2
A5031110356,A5082666143,1
A5031118859,A5070801097,2
A5031118859,A5088312740,2
A5031118859,A5108398818,2
A5031139778,A5032868553,3
A5031139778,A5043540971,3
A5031139778,A5043849609,1
A5031139778,A5046396400,1
A5031139778,A5061940018,2
A5031139778,A5064671153,3
A5031139778,A5069148631,1
A5031139778,A5069935336,1
A5031139778,A5075791672,3
A5031139778,A5090363793,1
A5031139778,A5090892962,1
A5031139778,A5091168022,2
A5031139778,A5106626822,11
A5031139778,A5109080654,1
A5031139778,A5112810711,1
A5031139778,A5113088780,1
A5031139778,A5113719320,1
A5032056654,A5082317939,2
A5032056654,A5088312740,2
A5032056654,A5113088780,1
A5032274863,A5044019855,1
A5032274863,A5048808463,1
A5032274863,A5055063854,1
A5032274863,A5061940018,1
A5032274863,A5072875451,1
A5032274863,A5082317939,3
A5032274863,A5083836369,1
A5032704528,A5043188893,3
A5032704528,A5047747187,1
A5032704528,A5048080984,3
A5032704528,A5070788637,2
A5032704528,A5077548094,3
A5032704528,A5082317939,3
A5032704528,A5089238682,1
A5032704528,A5103400387,1
A5032704528,A5113522818,3
A5032735013,A5033949116,1
A5032735013,A5041032807,3
A5032735013,A5043188893,2
A5032735013,A5048080984,2
A5032735013,A5051676460,1
A5032735013,A5057177001,3
A5032735013,A5077548094,1
A5032735013,A5082317939,13
A5032735013,A5113522818,1
A5032764674,A5035810829,1
A5032764674,A5038542529,1
A5032764674,A5047564527,2
A5032764674,A5048543419,7
A5032764674,A5062301987,1
A5032764674,A5074007788,2
A5032764674,A5083421133,4
A5032764674,A5087046632,2
A5032764674,A5109716564,4
A5032764674,A5113704869,1
A5032868553,A5036877484,1
A5032868553,A5050988963,1
A5032868553,A5052530411,1
A5032868553,A5053475924,1
A5032868553,A5056203990,1
A5032868553,A5063320988,2
A5032868553,A5069148631,3
A5032868553,A5070982607,1
A5032868553,A5072750119,1
A5032868553,A5081035197,3
A5032868553,A5082317939,1
A5032868553,A5090363793,1
A5032868553,A5106626822,6
A5033040755,A5046656252,1
A5033040755,A5049695139,1
A5033040755,A5053475924,1
A5033040755,A5070433559,2
A5033040755,A5088968386,1
A5033040755,A5103098022,1
A5033191225,A5060471197,1
A5033191225,A5076431972,6
A5033191225,A5082317939,1
A5033196325,A5033275174,1
A5033196325,A5042349094,1
A5033196325,A5062333763,2
A5033196325,A5082317939,9
A5033196325,A5113088780,1
A5033275174,A5041032807,1
A5033275174,A5042814789,2
A5033275174,A5047783096,1
A5033275174,A5048826461,2
A5033275174,A5051676460,2
A5033275174,A5055063854,3
A5033275174,A5055751221,1
A5033275174,A5056603621,1
A5033275174,A5061863637,3
A5033275174,A5061940018,1
A5033275174,A5062333763,1
A5033275174,A5070788637,2
A5033275174,A5077548094,3
A5033275174,A5082317939,11
A5033275174,A5103400387,1
A5033610162,A5047564527,2
A5033610162,A5048543419,1
A5033610162,A5109716564,2
A5033610162,A5110630947,2
A5033949116,A5036305829,1
A5033949116,A5044790718,1
A5033949116,A5047356822,1
A5033949116,A5047966455,1
A5033949116,A5082216220,1
A5033949116,A5083972342,1
A5033949116,A5086942147,1
A5034143474,A5046884997,1
A5034143474,A5048543419,3
A5034143474,A5076958968,1
A5034143474,A5104035144,1
A5034197652,A5035810829,1
A5034197652,A5061940018,1
A5034197652,A5065064859,1
A5034197652,A5066146362,2
A5034197652,A5066360531,2
A5034197652,A5070191034,2
A5034197652,A5080644663,2
A5034308109,A5036305829,1
A5034308109,A5045012778,2
A5034308109,A5056203990,2
A5034308109,A5075568740,1
A5034308109,A5076831759,1
A5034308109,A5082317939,2
A5034308109,A5110779309,1
A5034342780,A5036305829,1
A5034342780,A5049395466,1
A5034342780,A5050988963,1
A5034342780,A5053638242,3
A5034342780,A5059782311,1
A5034342780,A5079101984,1
A5034342780,A5079902325,7
A5034342780,A5080541214,1
A5034342780,A5083643690,1
A5034342780,A5085169279,1
A5034342780,A5088312740,1
A5034342780,A5091309343,3
A5034448431,A5070433559,5
A5034448431,A5080729648,1
A5034464331,A5063300784,1
A5034464331,A5078953524,1
A5034464331,A5090801242,1
A5034653468,A5069148631,3
A5034653468,A5114421481,1
A5034654940,A5108209670,5
A5034753447,A5070433559,1
A5034753447,A5086315389,3
A5034753447,A5108673424,1
A5034793148,A5039857832,1
A5034793148,A5047564527,1
A5034793148,A5048174646,1
A5034793148,A5048543419,2
A5034793148,A5048826461,1
A5034793148,A5054916699,1
A5034793148,A5057785941,1
A5034793148,A5064665187,2
A5034793148,A5065858252,1
A5034793148,A5091168022,1
A5034793148,A5112531170,6
A5034928073,A5041915722,6
A5034928073,A5042018014,4
A5034928073,A5055340306,9
A5035172433,A5080504041,2
A5035810829,A5048543419,1
A5035810829,A5051923615,2
A5035810829,A5063743061,4
A5035810829,A5066146362,1
A5035810829,A5066360531,1
A5035810829,A5070191034,4
A5035810829,A5070586795,1
A5035810829,A5071652330,1
A5035810829,A5072875451,1
A5035810829,A5073592308,3
A5035810829,A5074413866,3
A5035810829,A5082317939,1
A5035810829,A5087046632,1
A5035810829,A5109716564,1
A5035810829,A5113136263,1
A5035810829,A5113704869,1
A5035817950,A5090623732,1
A5036305829,A5044790718,1
A5036305829,A5045012778,1
A5036305829,A5047356822,1
A5036305829,A5047966455,1
A5036305829,A5051923615,1
A5036305829,A5052473626,11
A5036305829,A5053638242,7
A5036305829,A5056203990,1
A5036305829,A5059782311,4
A5036305829,A5076831759,1
A5036305829,A5079542269,11
A5036305829,A5079902325,9
A5036305829,A5080541214,1
A5036305829,A5082216220,1
A5036305829,A5082317939,1
A5036305829,A5083972342,1
A5036305829,A5086942147,3
A5036305829,A5091309343,1
A5036305829,A5102978579,1
A5036305829,A5109505237,7
A5036305829,A5110779309,2
A5036305829,A5110784563,1
A5036402089,A5073592600,1
A5036711597,A5087649170,1
A5036877484,A5037267902,1
A5036877484,A5040567940,1
A5036877484,A5052530411,1
A5036877484,A5056603621,1
A5036877484,A5060321149,1
A5036877484,A5062808515,1
A5036877484,A5069148631,1
A5036877484,A5070191034,1
A5036877484,A5070801097,1
A5036877484,A5070982607,1
A5036877484,A5072750119,1
A5036877484,A5073592308,1
A5036877484,A5073845463,1
A5036877484,A5074413866,1
A5036877484,A5080644663,1
A5037250063,A5088464151,3
A5037267902,A5062808515,1
A5037267902,A5070801097,3
A5037267902,A5080644663,2
A5037267902,A5088312740,2
A5037267902,A5108398818,1
A5037429073,A5064671153,1
A5037429073,A5078322786,1
A5037587487,A5039942631,1
A5037587487,A5044457502,1
A5037587487,A5059440078,1
A5037587487,A5063300784,1
A5037587487,A5078953524,1
A5037587487,A5090801242,3
A5037844687,A5048080984,1
A5037844687,A5051652211,4
A5037844687,A5082317939,6
A5037844687,A5109962891,1
A5037844687,A5113522818,3
A5038542529,A5048543419,10
A5038542529,A5059497335,3
A5038542529,A5065858252,1
A5038542529,A5074007788,1
A5038542529,A5086753224,1
A5038542529,A5102809458,1
A5038542529,A5104035144,3
A5038678158,A5039530170,5
A5038678158,A5074675435,2
A5038678158,A5084013996,1
A5038678158,A5089238682,1
A5038678158,A5109962891,1
A5039530170,A5041032807,1
A5039530170,A5047783096,1
A5039530170,A5069957846,3
A5039530170,A5074675435,6
A5039530170,A5082317939,6
A5039530170,A5084013996,4
A5039530170,A5089238682,1
A5039530170,A5091803399,1
A5039530170,A5109962891,4
A5039739050,A5056037781,1
A5039739050,A5062808515,1
A5039739050,A5066383890,3
A5039739050,A5080644663,4
A5039739050,A5082317939,1
A5039739050,A5108272351,1
A5039857832,A5048174646,1
A5039857832,A5048826461,1
A5039857832,A5054916699,1
A5039857832,A5057785941,1
A5039857832,A5091168022,1
A5039942631,A5044078554,1
A5039942631,A5052611662,1
A5039942631,A5052729398,2
A5039942631,A5069148631,1
A5039942631,A5078953524,1
A5039942631,A5081035197,1
A5039942631,A5088242666,2
A5039942631,A5109034177,1
A5040567940,A5085169279,1
A5040567940,A5088827087,1
A5041032807,A5043188893,4
A5041032807,A5048080984,1
A5041032807,A5048826461,4
A5041032807,A5055063854,1
A5041032807,A5057177001,4
A5041032807,A5059405104,1
A5041032807,A5061940018,1
A5041032807,A5071026980,1
A5041032807,A5074675435,3
A5041032807,A5082317939,7
A5041032807,A5084013996,1
A5041032807,A5084505638,7
A5041032807,A5090284833,2
A5041032807,A5113522818,2
A5041774827,A5054134645,2
A5041774827,A5059790025,2
A5041774827,A5069148631,1
A5041774827,A5070982607,2
A5041774827,A5086442992,1
A5041774827,A5090913993,1
A5041774827,A5109313783,2
A5041818586,A5060807542,1
A5041915722,A5042018014,2
A5041915722,A5055340306,5
A5042018014,A5055340306,4
A5042349094,A5082317939,1
A5042349094,A5089238682,5
A5042814789,A5051676460,3
A5042814789,A5052388281,1
A5042814789,A5055063854,3
A5042814789,A5061863637,2
A5042814789,A5082317939,2
A5043188893,A5048080984,6
A5043188893,A5049230655,1
A5043188893,A5057177001,3
A5043188893,A5065169935,4
A5043188893,A5067086329,5
A5043188893,A5070788637,4
A5043188893,A5071026980,5
A5043188893,A5077548094,9
A5043188893,A5082317939,20
A5043188893,A5103400387,2
A5043188893,A5112655829,4
A5043188893,A5113522818,7
A5043360523,A5054916699,1
A5043360523,A5102809458,5
A5043540971,A5048009892,1
A5043540971,A5055063854,1
A5043540971,A5061940018,3
A5043540971,A5069148631,1
A5043540971,A5070191034,1
A5043540971,A5075791672,4
A5043540971,A5082317939,3
A5043540971,A5090284833,1
A5043540971,A5090892962,1
A5043540971,A5091168022,3
A5043573364,A5045878545,3
A5043573364,A5048543419,2
A5043573364,A5056236831,1
A5043849609,A5064671153,1
A5043849609,A5106626822,3
A5044019855,A5055063854,1
A5044019855,A5070191034,1
A5044019855,A5082317939,1
A5044032458,A5053685251,1
A5044032458,A5059554492,2
A5044032458,A5081784119,3
A5044078554,A5072750119,1
A5044078554,A5081035197,1
A5044078554,A5088242666,3
A5044194027,A5071276612,1
A5044194027,A5089238682,2
A5044207222,A5103698965,2
A5044288720,A5048826461,1
A5044288720,A5082317939,3
A5044288720,A5113088780,1
A5044457502,A5062099201,1
A5044457502,A5088307368,1
A5044457502,A5090801242,1
A5044765259,A5044878128,1
A5044765259,A5056603621,3
A5044765259,A5086315389,1
A5044790718,A5047356822,3
A5044790718,A5051923615,1
A5044790718,A5079542269,1
A5044790718,A5102978579,1
A5044790718,A5109505237,1
A5044790718,A5110779309,1
A5044790718,A5110784563,1
A5044830104,A5052870098,2
A5044830104,A5064043167,2
A5044878128,A5056603621,2
A5044878128,A5082317939,1
A5044989318,A5090373172,3
A5045012778,A5056203990,2
A5045012778,A5066360531,1
A5045012778,A5069148631,1
A5045012778,A5070982607,1
A5045012778,A5076831759,2
A5045012778,A5082317939,2
A5045012778,A5083404298,1
A5045012778,A5102978579,1
A5045012778,A5110779309,2
A5045878545,A5048543419,3
A5045878545,A5056236831,2
A5045878545,A5060875407,3
A5045878545,A5065510435,2
A5045878545,A5067288564,1
A5045878545,A5069412724,1
A5045878545,A5087046632,1
A5045878545,A5089573174,6
A5045976535,A5048808463,1
A5046008896,A5047356822,1
A5046008896,A5065340366,2
A5046396400,A5103360106,1
A5046478145,A5047793216,1
A5046656252,A5049695139,1
A5046656252,A5053475924,1
A5046656252,A5070433559,1
A5046656252,A5103098022,1
A5046814329,A5081725860,1
A5046884997,A5048543419,3
A5046895614,A5067636916,4
A5046895614,A5075088636,4
A5046896459,A5083404298,1
A5047196429,A5071276612,1
A5047356822,A5051923615,1
A5047356822,A5079542269,1
A5047356822,A5081725860,2
A5047356822,A5086670563,2
A5047356822,A5102978579,1
A5047356822,A5109505237,1
A5047356822,A5110429977,1
A5047356822,A5110779309,1
A5047356822,A5110784563,1
A5047356822,A5113270207,1
A5047441481,A5055388401,1
A5047564527,A5048543419,5
A5047564527,A5074007788,1
A5047564527,A5083421133,2
A5047564527,A5109716564,3
A5047564527,A5110630947,1
A5047564527,A5112531170,1
A5047687950,A5066221993,2
A5047687950,A5110220409,1
A5047747187,A5082317939,2
A5047783096,A5048826461,2
A5047783096,A5082317939,3
A5047920778,A5108209670,1
A5047966455,A5053098672,1
A5047966455,A5072750119,2
A5047966455,A5082216220,5
A5047966455,A5083972342,3
A5048009892,A5060471197,1
A5048009892,A5061940018,1
A5048009892,A5075791672,1
A5048009892,A5076431972,1
A5048009892,A5081578251,2
A5048009892,A5082317939,2
A5048009892,A5084013996,3
A5048009892,A5090892962,5
A5048009892,A5091168022,1
A5048073547,A5057785941,2
A5048080984,A5057177001,1
A5048080984,A5070788637,2
A5048080984,A5071026980,2
A5048080984,A5077548094,5
A5048080984,A5082317939,8
A5048080984,A5103400387,1
A5048080984,A5113522818,5
A5048119048,A5070191034,1
A5048174646,A5048826461,1
A5048174646,A5054916699,1
A5048174646,A5056037781,1
A5048174646,A5057785941,1
A5048174646,A5066221993,2
A5048174646,A5091168022,1
A5048543419,A5056236831,1
A5048543419,A5059497335,3
A5048543419,A5062301987,1
A5048543419,A5064665187,3
A5048543419,A5065858252,2
A5048543419,A5074007788,5
A5048543419,A5083421133,2
A5048543419,A5086753224,1
A5048543419,A5087046632,1
A5048543419,A5104035144,4
A5048543419,A5109716564,6
A5048543419,A5112531170,1
A5048543419,A5113704869,1
A5048808463,A5082317939,1
A5048808463,A5091337146,1
A5048826461,A5054916699,1
A5048826461,A5055063854,1
A5048826461,A5057785941,1
A5048826461,A5061940018,1
A5048826461,A5070788637,1
A5048826461,A5070982607,1
A5048826461,A5077548094,1
A5048826461,A5082317939,10
A5048826461,A5084505638,3
A5048826461,A5091168022,1
A5048915779,A5065064859,1
A5048915779,A5109034177,1
A5048915779,A5113560572,6
A5048915779,A5113719320,1
A5049230655,A5070788637,1
A5049230655,A5077548094,2
A5049230655,A5082317939,4
A5049230655,A5103400387,1
A5049395466,A5053638242,3
A5049395466,A5059782311,1
A5049395466,A5079902325,4
A5049564909,A5057373201,1
A5049564909,A5066146362,1
A5049564909,A5070586795,1
A5049564909,A5088827087,2
A5049695139,A5053475924,1
A5049695139,A5070433559,1
A5049695139,A5103098022,1
A5049695139,A5113270207,1
A5049750023,A5053355169,2
A5050195192,A5051676460,1
A5050195192,A5052388281,2
A5050195192,A5055063854,1
A5050195192,A5082317939,2
A5050504067,A5067636916,3
A5050504067,A5100426907,2
A5050552933,A5070191034,2
A5050552933,A5087547134,1
A5050977143,A5060692633,11
A5050977143,A5060807542,1
A5050977143,A5063914974,2
A5050977143,A5064266968,1
A5050977143,A5083894201,1
A5050988963,A5053638242,1
A5050988963,A5057340692,3
A5050988963,A5063320988,1
A5050988963,A5066745776,1
A5050988963,A5070982607,1
A5050988963,A5073135357,2
A5050988963,A5079101984,1
A5050988963,A5079902325,1
A5050988963,A5080541214,1
A5050988963,A5081035197,1
A5050988963,A5082317939,2
A5050988963,A5083643690,1
A5050988963,A5085169279,1
A5050988963,A5088312740,1
A5050988963,A5092729736,2
A5050988963,A5106626822,1
A5051558141,A5054754228,1
A5051558141,A5085551769,1
A5051652211,A5082317939,3
A5051652211,A5109962891,1
A5051652211,A5113522818,2
A5051676460,A5052388281,2
A5051676460,A5055063854,4
A5051676460,A5061863637,2
A5051676460,A5082317939,4
A5051923615,A5057126604,1
A5051923615,A5057373201,1
A5051923615,A5063743061,3
A5051923615,A5066146362,1
A5051923615,A5070191034,3
A5051923615,A5070586795,1
A5051923615,A5071652330,1
A5051923615,A5073592308,3
A5051923615,A5074413866,3
A5051923615,A5079542269,1
A5051923615,A5102978579,1
A5051923615,A5109505237,1
A5051923615,A5110779309,1
A5051923615,A5110784563,1
A5052162871,A5057641206,3
A5052162871,A5080499456,1
A5052162871,A5109080654,2
A5052388281,A5055063854,2
A5052388281,A5082317939,1
A5052473626,A5053638242,2
A5052473626,A5059782311,1
A5052473626,A5079542269,4
A5052473626,A5079902325,1
A5052473626,A5086942147,3
A5052473626,A5109505237,2
A5052530411,A5057328117,2
A5052530411,A5062301987,4
A5052530411,A5069148631,5
A5052530411,A5070191034,1
A5052530411,A5070982607,1
A5052530411,A5072750119,1
A5052530411,A5113088780,3
A5052530411,A5114421481,1
A5052729398,A5109034177,2
A5052870098,A5064043167,2
A5052870098,A5091823728,1
A5053098672,A5083972342,1
A5053355169,A5061041445,4
A5053355169,A5069148631,1
A5053355169,A5070384917,5
A5053355169,A5103360106,1
A5053355169,A5109034177,3
A5053355169,A5113088780,1
A5053419666,A5109034177,1
A5053475924,A5070433559,1
A5053475924,A5078433634,3
A5053475924,A5082317939,1
A5053475924,A5103098022,1
A5053638242,A5059782311,4
A5053638242,A5079101984,1
A5053638242,A5079902325,10
A5053638242,A5080541214,1
A5053638242,A5083643690,1
A5053638242,A5085169279,1
A5053638242,A5088312740,1
A5053638242,A5091309343,1
A5053638242,A5109505237,1
A5053685251,A5059554492,2
A5053685251,A5081784119,4
A5053964476,A5088827087,2
A5054134645,A5059790025,3
A5054134645,A5070982607,2
A5054134645,A5074413866,1
A5054134645,A5086442992,1
A5054754228,A5085551769,3
A5054916699,A5057785941,1
A5054916699,A5091168022,1
A5054916699,A5102809458,1
A5055025020,A5066719586,1
A5055025020,A5091601128,1
A5055063854,A5061863637,2
A5055063854,A5069148631,1
A5055063854,A5082317939,6
A5055719824,A5087649170,2
A5055751221,A5082317939,2
A5055751221,A5109859959,1
A5055876951,A5070191034,1
A5055876951,A5070384917,1
A5056037781,A5060216580,1
A5056203990,A5076831759,1
A5056203990,A5082317939,2
A5056203990,A5110779309,1
A5056603621,A5061940018,1
A5056603621,A5070191034,1
A5056603621,A5070433559,4
A5056603621,A5073592308,1
A5056603621,A5073845463,1
A5056603621,A5074413866,1
A5056603621,A5077548094,1
A5056603621,A5081947189,4
A5056603621,A5082317939,2
A5056603621,A5082666143,1
A5056603621,A5103400387,1
A5056603621,A5113088780,1
A5056916361,A5067458356,3
A5056916361,A5111975275,1
A5057126604,A5070191034,1
A5057177001,A5082317939,4
A5057177001,A5113522818,2
A5057328117,A5062301987,2
A5057328117,A5069148631,4
A5057328117,A5113088780,1
A5057340692,A5066745776,1
A5057340692,A5070982607,1
A5057340692,A5073135357,3
A5057340692,A5082317939,2
A5057340692,A5092729736,3
A5057373201,A5066146362,3
A5057373201,A5070191034,1
A5057402785,A5068504550,1
A5057641206,A5080499456,1
A5057641206,A5109080654,2
A5057776184,A5088827087,1
A5057785941,A5091168022,1
A5058347094,A5091823728,3
A5058920655,A5111549449,3
A5059405104,A5074675435,1
A5059405104,A5082537294,1
A5059405104,A5089791699,1
A5059405104,A5090284833,4
A5059440078,A5063300784,3
A5059440078,A5076431972,2
A5059440078,A5078953524,3
A5059440078,A5090801242,5
A5059497335,A5065858252,1
A5059497335,A5086753224,1
A5059497335,A5104035144,3
A5059554492,A5081784119,4
A5059782311,A5079542269,1
A5059782311,A5079902325,6
A5059782311,A5086942147,1
A5059782311,A5088827087,2
A5059782311,A5109505237,2
A5059790025,A5070982607,2
A5059790025,A5074413866,1
A5059790025,A5086442992,1
A5060032320,A5070433559,2
A5060032320,A5103098022,2
A5060109562,A5080090569,1
A5060109562,A5090365407,7
A5060173856,A5061940018,2
A5060321149,A5072750119,2
A5060321149,A5083397889,2
A5060321149,A5089573174,1
A5060471197,A5061940018,1
A5060471197,A5065340366,1
A5060471197,A5066745776,1
A5060471197,A5068907565,6
A5060471197,A5072875451,3
A5060471197,A5076144257,3
A5060471197,A5076431972,3
A5060471197,A5079101984,6
A5060471197,A5082317939,4
A5060471197,A5084013996,1
A5060471197,A5090284833,1
A5060471197,A5090387325,1
A5060471197,A5090892962,1
A5060471197,A5113088780,1
A5060692633,A5060807542,2
A5060692633,A5063914974,2
A5060692633,A5067190742,3
A5060692633,A5067458356,11
A5060692633,A5080499456,1
A5060692633,A5083894201,2
A5060692633,A5113433803,2
A5060807542,A5063015598,1
A5060807542,A5064266968,1
A5060807542,A5069752865,1
A5061128855,A5073945857,2
A5061128855,A5088827087,1
A5061128855,A5102733584,2
A5061205769,A5082317939,2
A5061205769,A5089238682,1
A5061316622,A5085069103,1
A5061347099,A5085069103,6
A5061863637,A5082317939,4
A5061940018,A5062808515,1
A5061940018,A5070982607,1
A5061940018,A5072875451,1
A5061940018,A5074675435,1
A5061940018,A5075791672,3
A5061940018,A5076431972,1
A5061940018,A5077548094,1
A5061940018,A5079101984,1
A5061940018,A5080644663,1
A5061940018,A5082317939,4
A5061940018,A5083836369,1
A5061940018,A5084013996,2
A5061940018,A5090284833,1
A5061940018,A5090892962,1
A5061940018,A5091168022,3
A5061940018,A5102967752,2
A5061940018,A5103400387,1
A5062044886,A5070433559,4
A5062044886,A5103499514,3
A5062099201,A5069752865,2
A5062099201,A5088307368,1
A5062099201,A5113270207,1
A5062124795,A5065061744,2
A5062301987,A5069148631,7
A5062301987,A5070191034,1
A5062301987,A5109716564,1
A5062301987,A5113088780,3
A5062301987,A5114421481,1
A5062333763,A5082317939,3
A5062808515,A5070801097,1
A5062808515,A5080644663,1
A5062978375,A5078953524,1
A5062978375,A5079902325,1
A5062978375,A5090801242,2
A5063015598,A5064266968,2
A5063091331,A5069148631,1
A5063300784,A5076431972,1
A5063300784,A5078953524,5
A5063300784,A5086535026,2
A5063300784,A5090801242,5
A5063320988,A5081035197,2
A5063320988,A5091168022,1
A5063320988,A5106626822,2
A5063743061,A5069148631,1
A5063743061,A5070191034,7
A5063743061,A5070586795,1
A5063743061,A5070982607,1
A5063743061,A5071652330,2
A5063743061,A5072875451,1
A5063743061,A5073592308,5
A5063743061,A5074413866,5
A5063743061,A5078269187,1
A5063743061,A5082317939,2
A5063743061,A5087325827,1
A5063743061,A5102809458,1
A5063743061,A5113136263,2
A5063914974,A5112822084,1
A5064266968,A5067190742,2
A5064266968,A5067458356,5
A5064266968,A5082590494,2
A5064266968,A5083894201,1
A5064600501,A5079101984,1
A5064665187,A5065858252,1
A5064665187,A5112531170,1
A5064671153,A5106626822,1
A5065061744,A5081227066,1
A5065064859,A5081035197,1
A5065064859,A5113719320,1
A5065169935,A5067086329,7
A5065169935,A5077548094,3
A5065169935,A5082317939,7
A5065169935,A5112655829,6
A5065198831,A5073898837,1
A5065340366,A5071276612,1
A5065340366,A5079101984,1
A5065340366,A5082317939,1
A5065340366,A5090387325,1
A5065510435,A5083643690,1
A5065625032,A5071278375,2
A5065717281,A5076432454,3
A5065858252,A5086753224,1
A5065858252,A5104035144,1
A5065914163,A5089238682,1
A5065914163,A5090365407,1
A5066071163,A5070191034,1
A5066071163,A5082317939,1
A5066146362,A5066360531,2
A5066146362,A5070191034,3
A5066146362,A5103136829,1
A5066146362,A5110630947,1
A5066239927,A5081725860,2
A5066239927,A5082666143,2
A5066239927,A5111549449,1
A5066360531,A5070191034,2
A5066360531,A5070982607,1
A5066360531,A5076831759,1
A5066360531,A5102978579,1
A5066360531,A5110779309,1
A5066383890,A5080644663,6
A5066383890,A5108272351,1
A5066383890,A5109967289,1
A5066475013,A5100353573,2
A5066475013,A5111433569,2
A5066475013,A5112056782,3
A5066719586,A5091601128,5
A5066745776,A5070982607,1
A5066745776,A5073135357,1
A5066745776,A5082317939,1
A5066745776,A5090284833,1
A5066745776,A5092729736,1
A5066969975,A5069752865,1
A5066969975,A5113270207,1
A5067086329,A5077548094,4
A5067086329,A5082317939,8
A5067086329,A5112655829,6
A5067190742,A5067458356,6
A5067190742,A5113433803,1
A5067288564,A5069752865,1
A5067458356,A5111975275,3
A5067458356,A5113433803,4
A5067636916,A5075088636,5
A5067636916,A5100426907,3
A5067636916,A5108643866,3
A5068504550,A5075822250,1
A5068504550,A5077898393,1
A5068707905,A5073945857,1
A5068707905,A5078848795,2
A5068907565,A5072875451,4
A5068907565,A5076144257,2
A5068907565,A5076431972,1
A5068907565,A5102967752,1
A5069148631,A5070191034,9
A5069148631,A5070384917,1
A5069148631,A5070982607,1
A5069148631,A5072750119,1
A5069148631,A5078269187,1
A5069148631,A5081035197,2
A5069148631,A5082317939,2
A5069148631,A5083404298,3
A5069148631,A5086753224,1
A5069148631,A5087325827,1
A5069148631,A5088307368,1
A5069148631,A5088827087,7
A5069148631,A5090892962,3
A5069148631,A5090913993,3
A5069148631,A5091287571,3
A5069148631,A5101773110,1
A5069148631,A5102809458,1
A5069148631,A5109034177,2
A5069148631,A5109313783,1
A5069148631,A5110630947,1
A5069148631,A5113088780,17
A5069148631,A5113560572,1
A5069148631,A5114421481,3
A5069752865,A5078322786,1
A5069752865,A5080676459,1
A5069752865,A5091544501,1
A5069752865,A5113270207,2
A5069935336,A5106626822,1
A5069957846,A5082317939,3
A5070191034,A5070801097,1
A5070191034,A5070982607,7
A5070191034,A5071652330,1
A5070191034,A5072875451,2
A5070191034,A5073201050,1
A5070191034,A5073592308,12
A5070191034,A5073845463,2
A5070191034,A5074413866,15
A5070191034,A5078269187,1
A5070191034,A5080676459,1
A5070191034,A5082317939,5
A5070191034,A5087325827,1
A5070191034,A5088312740,1
A5070191034,A5090892962,2
A5070191034,A5102809458,1
A5070191034,A5110720034,1
A5070191034,A5110779309,1
A5070191034,A5110784563,1
A5070191034,A5113088780,8
A5070191034,A5113560572,1
A5070191034,A5114421481,1
A5070384917,A5078848795,1
A5070384917,A5109034177,2
A5070384917,A5113088780,1
A5070433559,A5081947189,5
A5070433559,A5086315389,1
A5070433559,A5088156103,1
A5070433559,A5088968386,1
A5070433559,A5103098022,3
A5070433559,A5103499514,3
A5070433559,A5108673424,5
A5070586795,A5071652330,1
A5070586795,A5088827087,1
A5070636380,A5078848795,1
A5070636380,A5103098022,1
A5070788637,A5071026980,1
A5070788637,A5077548094,9
A5070788637,A5082317939,11
A5070788637,A5113522818,2
A5070801097,A5080644663,2
A5070801097,A5088312740,6
A5070801097,A5108398818,2
A5070982607,A5072750119,1
A5070982607,A5072875451,2
A5070982607,A5073135357,1
A5070982607,A5073201050,1
A5070982607,A5073592308,3
A5070982607,A5073845463,1
A5070982607,A5074413866,5
A5070982607,A5076831759,5
A5070982607,A5078322786,2
A5070982607,A5080676459,2
A5070982607,A5082317939,7
A5070982607,A5086442992,2
A5070982607,A5088312740,1
A5070982607,A5091544501,2
A5070982607,A5092729736,1
A5070982607,A5102978579,4
A5070982607,A5108272351,1
A5070982607,A5110779309,3
A5070982607,A5110784563,2
A5071026980,A5077548094,2
A5071026980,A5082317939,5
A5071026980,A5113522818,2
A5071276612,A5089238682,1
A5071652330,A5072875451,1
A5071652330,A5073592308,1
A5071652330,A5074413866,1
A5071652330,A5082317939,1
A5071652330,A5112531170,1
A5071652330,A5113719320,1
A5072750119,A5082216220,2
A5072750119,A5083397889,2
A5072750119,A5083972342,1
A5072750119,A5088242666,1
A5072750119,A5089573174,1
A5072750119,A5106626822,2
A5072763035,A5080090569,1
A5072763035,A5089238682,2
A5072875451,A5073592308,1
A5072875451,A5074413866,1
A5072875451,A5080676459,2
A5072875451,A5082317939,2
A5072875451,A5083836369,1
A5072875451,A5085169279,1
A5072875451,A5102967752,1
A5072875451,A5110779309,2
A5072875451,A5110784563,2
A5073135357,A5082317939,2
A5073135357,A5092729736,3
A5073201050,A5073845463,1
A5073201050,A5074413866,3
A5073592308,A5073845463,1
A5073592308,A5074413866,12
A5073592308,A5082317939,2
A5073845463,A5074413866,2
A5073845463,A5109034177,1
A5073945857,A5102733584,2
A5074007788,A5083421133,1
A5074413866,A5082317939,2
A5074413866,A5109034177,2
A5074675435,A5084013996,4
A5074675435,A5090284833,4
A5074675435,A5091803399,2
A5075791672,A5082317939,1
A5075791672,A5090892962,1
A5075791672,A5091168022,4
A5075822250,A5077898393,5
A5075822250,A5082317939,2
A5076144257,A5076431972,1
A5076386316,A5109096760,1
A5076386316,A5109295339,9
A5076431972,A5078953524,1
A5076431972,A5079101984,1
A5076431972,A5081578251,2
A5076431972,A5082317939,3
A5076431972,A5084013996,1
A5076431972,A5090801242,2
A5076678428,A5110671040,2
A5076831759,A5082317939,1
A5076831759,A5102978579,5
A5076831759,A5110779309,5
A5077548094,A5082317939,30
A5077548094,A5103400387,4
A5077548094,A5109859959,1
A5077548094,A5112655829,3
A5077548094,A5113522818,5
A5077898393,A5082317939,3
A5078269187,A5087325827,1
A5078269187,A5102809458,2
A5078269187,A5102967752,1
A5078322786,A5081227066,2
A5078322786,A5091544501,4
A5078387558,A5108797879,1
A5078848795,A5103098022,1
A5078953524,A5090801242,5
A5079101984,A5079902325,1
A5079101984,A5080541214,1
A5079101984,A5082317939,1
A5079101984,A5083643690,1
A5079101984,A5085169279,1
A5079101984,A5088312740,1
A5079101984,A5090387325,1
A5079542269,A5086942147,3
A5079542269,A5090801242,1
A5079542269,A5102978579,1
A5079542269,A5109505237,5
A5079542269,A5110779309,1
A5079542269,A5110784563,1
A5079583186,A5103136829,3
A5079679187,A5091337146,1
A5079709333,A5110429977,3
A5079902325,A5080541214,5
A5079902325,A5082317939,1
A5079902325,A5083643690,6
A5079902325,A5085169279,1
A5079902325,A5088312740,1
A5079902325,A5088827087,2
A5079902325,A5090801242,1
A5079902325,A5091309343,1
A5079902325,A5108272351,1
A5079902325,A5113088780,1
A5080090569,A5089238682,2
A5080090569,A5090365407,1
A5080541214,A5083643690,1
A5080541214,A5085169279,1
A5080541214,A5088312740,1
A5080644663,A5108272351,1
A5080644663,A5108398818,1
A5080644663,A5109034177,1
A5080644663,A5109967289,2
A5080644663,A5110220409,3
A5080676459,A5109716564,1
A5080676459,A5110779309,2
A5080676459,A5110784563,2
A5080676459,A5113704869,1
A5080729648,A5088968386,1
A5080729648,A5104087397,1
A5081035197,A5082216220,1
A5081035197,A5083972342,1
A5081035197,A5091287571,1
A5081035197,A5106626822,3
A5081035197,A5110630947,1
A5081227066,A5113623025,1
A5081578251,A5082317939,2
A5081578251,A5084013996,1
A5081578251,A5090892962,2
A5081725860,A5082666143,1
A5081725860,A5086670563,3
A5081725860,A5113270207,1
A5082216220,A5083972342,3
A5082317939,A5082666143,1
A5082317939,A5083836369,3
A5082317939,A5084013996,1
A5082317939,A5084505638,1
A5082317939,A5088312740,2
A5082317939,A5090387325,1
A5082317939,A5090892962,2
A5082317939,A5091168022,1
A5082317939,A5091337146,1
A5082317939,A5092729736,2
A5082317939,A5101703928,1
A5082317939,A5103400387,7
A5082317939,A5108272351,1
A5082317939,A5109859959,2
A5082317939,A5110720034,2
A5082317939,A5110779309,1
A5082317939,A5112655829,6
A5082317939,A5113088780,5
A5082317939,A5113522818,10
A5082317939,A5113560572,1
A5082537294,A5089791699,2
A5082537294,A5090284833,1
A5083334448,A5109859959,3
A5083397889,A5089573174,1
A5083643690,A5085169279,1
A5083643690,A5088312740,1
A5084013996,A5090892962,2
A5085169279,A5088312740,1
A5085169279,A5088827087,1
A5086315389,A5108673424,1
A5086442992,A5109080654,1
A5086442992,A5110720034,1
A5086753224,A5088827087,1
A5086753224,A5104035144,1
A5086942147,A5109505237,2
A5087046632,A5109716564,1
A5087046632,A5113560572,1
A5087046632,A5113704869,1
A5087243061,A5113520124,2
A5087325827,A5102809458,1
A5088156103,A5103098022,2
A5088312740,A5108272351,1
A5088312740,A5108398818,1
A5088827087,A5103098022,1
A5088827087,A5109034177,1
A5089238682,A5090365407,1
A5089238682,A5091337146,1
A5089367858,A5109876386,3
A5089758973,A5090892962,1
A5089791699,A5090284833,3
A5090284833,A5090892962,1
A5090363793,A5106626822,1
A5090365407,A5091337146,1
A5090892962,A5091168022,1
A5090892962,A5113088780,3
A5090892962,A5113560572,1
A5090913993,A5109313783,1
A5091287571,A5110630947,1
A5091287571,A5113088780,2
A5091544501,A5113520124,1
A5091823728,A5108466435,3
A5100353573,A5111433569,1
A5100353573,A5112056782,3
A5101764189,A5108390707,1
A5101764189,A5108797879,1
A5101764189,A5112182684,1
A5102794157,A5111549449,1
A5102978579,A5109505237,1
A5102978579,A5110779309,2
A5102978579,A5110784563,1
A5103136829,A5110630947,1
A5103400387,A5113522818,1
A5106626822,A5109080654,1
A5106626822,A5112810711,4
A5106626822,A5113719320,1
A5107412810,A5112797639,1
A5108209670,A5113541982,1
A5108272351,A5113088780,1
A5108390707,A5112182684,1
A5109034177,A5110220409,1
A5109034177,A5113088780,1
A5109034177,A5113560572,1
A5109080654,A5110720034,1
A5109505237,A5110779309,1
A5109505237,A5110784563,1
A5109716564,A5113704869,2
A5109876386,A5111817646,2
A5110779309,A5110784563,3
A5111433569,A5112056782,8
A5111549449,A5113541982,1
A5113088780,A5113560572,1
A5113088780,A5114421481,1
