volume_file,source_track,source_path,n_literature_ids,literature_ids,manifest_status,pages_findspot_raw,source_url,bytes
/media/simon/data/Documents/Si Work/PostDoc Work/EEA/2025/Data Panel/database/book_chapter_staging/A2_reports_fowler_2005_sharks_rays_chimaeras.pdf,A2_reports,/media/simon/data/Documents/Si Work/PostDoc Work/EEA/2025/Data Panel/outputs/download_push_2026-09-17/A2_reports/pdfs/volumes/fowler_2005_sharks_rays_chimaeras.pdf,38,992;4291;4292;4293;12996;12997;12999;13000;13001;13002;13003;13011;13012;13013;13014;13015;13016;13017;13018;13019;13024;13025;13027;13028;13029;13031;13032;13033;13034;13035;13036;13039;13040;13041;13046;13047;501217;501224,covered_by_volume,"In Fowler, S.L., Cavanagh, R.D., Camhi, M., Burgess, G.H., Cailliet, G.M., Fordham, S.V., Simpfendorfer, C.A. and Musick, J.A.(comp. and Ed.). Sharks, Rays and Chimaeras: The Status of the Chondrichthyan Fishes. Status Survey. IUCN SSC Shark Specialist Group. IUCN, Gland, Switzerland and Cambridge, UK: 324–325 | In Fowler, S.L., Cavanagh, R.D., Camhi, M., Burgess, G.H., Cailliet, G.M., Fordham, S.V., Simpfendorfer, C.A. and Musick, J.A.(comp. and Ed.). Sharks, Rays and Chimaeras: The Status of the Chondrichthyan Fishes. Status Survey. IUCN SSC Shark Specialist Group. IUCN, Gland, Switzerland and Cambridge, UK: 248 | In Fowler, S.L., Cavanagh, R.D., Camhi, M., Burgess, G.H., Cailliet, G.M., Fordham, S.V., Simpfendorfer, C.A. and Musick, J.A.(comp. and Ed.). Sharks, Rays and Chimaeras: The Status of the Chondrichthyan Fishes. Status Survey. IUCN SSC Shark Specialist Group. IUCN, Gland, Switzerland and Cambridge, UK: 293–295 | In Fowler, S.L., Cavanagh, R.D., Camhi, M., Burgess, G.H., Cailliet, G.M., Fordham, S.V., Simpfendorfer, C.A. and Musick, J.A.(comp. and Ed.). Sharks, Rays and Chimaeras: The Status of the Chondrichthyan Fishes. Status Survey. IUCN SSC Shark Specialist Group. IUCN, Gland, Switzerland and Cambridge, UK: 12–18 | In Fowler, S.L., Cavanagh, R.D., Camhi, M., Burgess, G.H., Cailliet, G.M., Fordham, S.V., Simpfendorfer, C.A. and Musick, J.A.(comp. and Ed.). Sharks, Rays and Chimaeras: The Status of the Chondrichthyan Fishes. Status Survey. IUCN SSC Shark Specialist Group. IUCN, Gland, Switzerland and Cambridge, UK: 233–234, 237–238, 355–356 | In Fowler, S.L., Cavanagh, R.D., Camhi, M., Burgess, G.H., Cailliet, G.M., Fordham, S.V., Simpfendorfer, C.A. and Musick, J.A.(comp. and Ed.). Sharks, Rays and Chimaeras: The Status of the Chondrichthyan Fishes. Status Survey. IUCN SSC Shark Specialist Group. IUCN, Gland, Switzerland and Cambridge, UK: 297–300 | In Fowler, S.L., Cavanagh, R.D., Camhi, M., Burgess, G.H., Cailliet, G.M., Fordham, S.V., Simpfendorfer, C.A. and Musick, J.A.(comp. and Ed.). Sharks, Rays and Chimaeras: The Status of the Chondrichthyan Fishes. Status Survey. IUCN SSC Shark Specialist Group. IUCN, Gland, Switzerland and Cambridge, UK: 236, 232–233, 234–236, 266–267 | In Fowler, S.L., Cavanagh, R.D., Camhi, M., Burgess, G.H., Cailliet, G.M., Fordham, S.V., Simpfendorfer, C.A. and Musick, J.A.(comp. and Ed.). Sharks, Rays and Chimaeras: The Status of the Chondrichthyan Fishes. Status Survey. IUCN SSC Shark Specialist Group. IUCN, Gland, Switzerland and Cambridge, UK: 285–286 | In Fowler, S.L., Cavanagh, R.D., Camhi, M., Burgess, G.H., Cailliet, G.M., Fordham, S.V., Simpfendorfer, C.A. and Musick, J.A. (comp. and Ed.). Sharks, Rays and Chimaeras: The Status of the Chondrichthyan Fishes. Status Survey. IUCN SSC Shark Specialist Group. IUCN, Gland, Switzerland and Cambridge, UK: 225–226 | In Fowler, S.L., Cavanagh, R.D., Camhi, M., Burgess, G.H., Cailliet, G.M., Fordham, S.V., Simpfendorfer, C.A. and Musick, J.A. (comp. and Ed.). Sharks, Rays and Chimaeras: The Status of the Chondrichthyan Fishes. Status Survey. IUCN SSC Shark Specialist Group. IUCN, Gland, Switzerland and Cambridge, UK: 322–323 | In Fowler, S.L., Cavanagh, R.D., Camhi, M., Burgess, G.H., Cailliet, G.M., Fordham, S.V., Simpfendorfer, C.A. and Musick, J.A. (comp. and Ed.). Sharks, Rays and Chimaeras: The Status of the Chondrichthyan Fishes. Status Survey. IUCN SSC Shark Specialist Group. IUCN, Gland, Switzerland and Cambridge, UK: 325–327 | In Fowler, S.L., Cavanagh, R.D., Camhi, M., Burgess, G.H., Cailliet, G.M., Fordham, S.V., Simpfendorfer, C.A. and Musick, J.A. (comp. and Ed.). Sharks, Rays and Chimaeras: The Status of the Chondrichthyan Fishes. Status Survey. IUCN SSC Shark Specialist Group. IUCN, Gland, Switzerland and Cambridge, UK: 222–223, 327 | In Fowler, S.L., Cavanagh, R.D., Camhi, M., Burgess, G.H., Cailliet, G.M., Fordham, S.V., Simpfendorfer, C.A. and Musick, J.A. (comp. and Ed.). Sharks, Rays and Chimaeras: The Status of the Chondrichthyan Fishes. Status Survey. IUCN SSC Shark Specialist Group. IUCN, Gland, Switzerland and Cambridge, UK: 332–333 | In Fowler, S.L., Cavanagh, R.D., Camhi, M., Burgess, G.H., Cailliet, G.M., Fordham, S.V., Simpfendorfer, C.A. and Musick, J.A.(comp. and Ed.). Sharks, Rays and Chimaeras: The Status of the Chondrichthyan Fishes. Status Survey. IUCN SSC Shark Specialist Group. IUCN, Gland, Switzerland and Cambridge, UK: 311–313, 317–318 | In Fowler, S.L., Cavanagh, R.D., Camhi, M., Burgess, G.H., Cailliet, G.M., Fordham, S.V., Simpfendorfer, C.A. and Musick, J.A.(comp. and Ed.). Sharks, Rays and Chimaeras: The Status of the Chondrichthyan Fishes. Status Survey. IUCN SSC Shark Specialist Group. IUCN, Gland, Switzerland and Cambridge, UK: 316–317 | In Fowler, S.L., Cavanagh, R.D., Camhi, M., Burgess, G.H., Cailliet, G.M., Fordham, S.V., Simpfendorfer, C.A. and Musick, J.A.(comp. and Ed.). Sharks, Rays and Chimaeras: The Status of the Chondrichthyan Fishes. Status Survey. IUCN SSC Shark Specialist Group. IUCN, Gland, Switzerland and Cambridge, UK: 343–346 | In Fowler, S.L., Cavanagh, R.D., Camhi, M., Burgess, G.H., Cailliet, G.M., Fordham, S.V., Simpfendorfer, C.A. and Musick, J.A.(comp. and Ed.). Sharks, Rays and Chimaeras: The Status of the Chondrichthyan Fishes. Status Survey. IUCN SSC Shark Specialist Group. IUCN, Gland, Switzerland and Cambridge, UK: 336–339 | In Fowler, S.L., Cavanagh, R.D., Camhi, M., Burgess, G.H., Cailliet, G.M., Fordham, S.V., Simpfendorfer, C.A. and Musick, J.A. (comp. and Ed.). Sharks, Rays and Chimaeras: The Status of the Chondrichthyan Fishes. Status Survey. IUCN SSC Shark Specialist Group. IUCN, Gland, Switzerland and Cambridge, UK: 256–259 | In Fowler, S.L., Cavanagh, R.D., Camhi, M., Burgess, G.H., Cailliet, G.M., Fordham, S.V., Simpfendorfer, C.A. and Musick, J.A.(comp. and Ed.). Sharks, Rays and Chimaeras: The Status of the Chondrichthyan Fishes. Status Survey. IUCN SSC Shark Specialist Group. IUCN, Gland, Switzerland and Cambridge, UK: 226–230 | In Fowler, S.L., Cavanagh, R.D., Camhi, M., Burgess, G.H., Cailliet, G.M., Fordham, S.V., Simpfendorfer, C.A. and Musick, J.A.(comp. and Ed.). Sharks, Rays and Chimaeras: The Status of the Chondrichthyan Fishes. Status Survey. IUCN SSC Shark Specialist Group. IUCN, Gland, Switzerland and Cambridge, UK: 278–279 | In Fowler, S.L., Cavanagh, R.D., Camhi, M., Burgess, G.H., Cailliet, G.M., Fordham, S.V., Simpfendorfer, C.A. and Musick, J.A.(comp. and Ed.). Sharks, Rays and Chimaeras: The Status of the Chondrichthyan Fishes. Status Survey. IUCN SSC Shark Specialist Group. IUCN, Gland, Switzerland and Cambridge, UK: 339–340 | In Fowler, S.L., Cavanagh, R.D., Camhi, M., Burgess, G.H., Cailliet, G.M., Fordham, S.V., Simpfendorfer, C.A. and Musick, J.A.(comp. and Ed.). Sharks, Rays and Chimaeras: The Status of the Chondrichthyan Fishes. Status Survey. IUCN SSC Shark Specialist Group. IUCN, Gland, Switzerland and Cambridge, UK: 260–262 | In Fowler, S.L., Cavanagh, R.D., Camhi, M., Burgess, G.H., Cailliet, G.M., Fordham, S.V., Simpfendorfer, C.A. and Musick, J.A.(comp. and Ed.). Sharks, Rays and Chimaeras: The Status of the Chondrichthyan Fishes. Status Survey. IUCN SSC Shark Specialist Group. IUCN, Gland, Switzerland and Cambridge, UK: 250–252 | In Fowler, S.L., Cavanagh, R.D., Camhi, M., Burgess, G.H., Cailliet, G.M., Fordham, S.V., Simpfendorfer, C.A. and Musick, J.A.(comp. and Ed.). Sharks, Rays and Chimaeras: The Status of the Chondrichthyan Fishes. Status Survey. IUCN SSC Shark Specialist Group. IUCN, Gland, Switzerland and Cambridge, UK: 354–357 | In Fowler, S.L., Cavanagh, R.D., Camhi, M., Burgess, G.H., Cailliet, G.M., Fordham, S.V., Simpfendorfer, C.A. and Musick, J.A.(comp. and Ed.). Sharks, Rays and Chimaeras: The Status of the Chondrichthyan Fishes. Status Survey. IUCN SSC Shark Specialist Group. IUCN, Gland, Switzerland and Cambridge, UK: 314–316 | In Fowler, S.L., Cavanagh, R.D., Camhi, M., Burgess, G.H., Cailliet, G.M., Fordham, S.V., Simpfendorfer, C.A. and Musick, J.A. (comp. and Ed.). Sharks, Rays and Chimaeras: The Status of the Chondrichthyan Fishes. Status Survey. IUCN SSC Shark Specialist Group. IUCN, Gland, Switzerland and Cambridge, UK: 306–308 | In Fowler, S.L., Cavanagh, R.D., Camhi, M., Burgess, G.H., Cailliet, G.M., Fordham, S.V., Simpfendorfer, C.A. and Musick, J.A.(comp. and Ed.). Sharks, Rays and Chimaeras: The Status of the Chondrichthyan Fishes. Status Survey. IUCN SSC Shark Specialist Group. IUCN, Gland, Switzerland and Cambridge, UK: 329–331 | In Fowler, S.L., Cavanagh, R.D., Camhi, M., Burgess, G.H., Cailliet, G.M., Fordham, S.V., Simpfendorfer, C.A. and Musick, J.A.(comp. and Ed.). Sharks, Rays and Chimaeras: The Status of the Chondrichthyan Fishes. Status Survey. IUCN SSC Shark Specialist Group. IUCN, Gland, Switzerland and Cambridge, UK: 240–242 | In Fowler, S.L., Cavanagh, R.D., Camhi, M., Burgess, G.H., Cailliet, G.M., Fordham, S.V., Simpfendorfer, C.A. and Musick, J.A.(comp. and Ed.). Sharks, Rays and Chimaeras: The Status of the Chondrichthyan Fishes. Status Survey. IUCN SSC Shark Specialist Group. IUCN, Gland, Switzerland and Cambridge, UK: 300–302 | In Fowler, S.L., Cavanagh, R.D., Camhi, M., Burgess, G.H., Cailliet, G.M., Fordham, S.V., Simpfendorfer, C.A. and Musick, J.A.(comp. and Ed.). Sharks, Rays and Chimaeras: The Status of the Chondrichthyan Fishes. Status Survey. IUCN SSC Shark Specialist Group. IUCN, Gland, Switzerland and Cambridge, UK: 357–358 | In Fowler, S.L., Cavanagh, R.D., Camhi, M., Burgess, G.H., Cailliet, G.M., Fordham, S.V., Simpfendorfer, C.A. and Musick, J.A.(comp. and Ed.). Sharks, Rays and Chimaeras: The Status of the Chondrichthyan Fishes. Status Survey. IUCN SSC Shark Specialist Group. IUCN, Gland, Switzerland and Cambridge, UK: 245–248 | In Fowler, S.L., Cavanagh, R.D., Camhi, M., Burgess, G.H., Cailliet, G.M., Fordham, S.V., Simpfendorfer, C.A. and Musick, J.A.(comp. and Ed.). Sharks, Rays and Chimaeras: The Status of the Chondrichthyan Fishes. Status Survey. IUCN SSC Shark Specialist Group. IUCN, Gland, Switzerland and Cambridge, UK: 344–345 | In Fowler, S.L., Cavanagh, R.D., Camhi, M., Burgess, G.H., Cailliet, G.M., Fordham, S.V., Simpfendorfer, C.A. and Musick, J.A.(comp. and Ed.). Sharks, Rays and Chimaeras: The Status of the Chondrichthyan Fishes. Status Survey. IUCN SSC Shark Specialist Group. IUCN, Gland, Switzerland and Cambridge, UK: 281–283 | In Fowler, S.L., Cavanagh, R.D., Camhi, M., Burgess, G.H., Cailliet, G.M., Fordham, S.V., Simpfendorfer, C.A. and Musick, J.A.(comp. and Ed.). Sharks, Rays and Chimaeras: The Status of the Chondrichthyan Fishes. Status Survey. IUCN SSC Shark Specialist Group. IUCN, Gland, Switzerland and Cambridge, UK: 48–57 | In Fowler, S.L., Cavanagh, R.D., Camhi, M., Burgess, G.H., Cailliet, G.M., Fordham, S.V., Simpfendorfer, C.A. and Musick, J.A.(comp. and Ed.). Sharks, Rays and Chimaeras: The Status of the Chondrichthyan Fishes. Status Survey. IUCN SSC Shark Specialist Group. IUCN, Gland, Switzerland and Cambridge, UK: 259–260, 262–264, 271–272, 309–311 | In Fowler, S.L., Cavanagh, R.D., Camhi, M., Burgess, G.H., Cailliet, G.M., Fordham, S.V., Simpfendorfer, C.A. and Musick, J.A.(comp. and Ed.). Sharks, Rays and Chimaeras: The Status of the Chondrichthyan Fishes. Status Survey. IUCN SSC Shark Specialist Group. IUCN, Gland, Switzerland and Cambridge, UK: 308–309",https://www.iucnssg.org/uploads/5/4/1/2/54120303/2005_-_sharks_rays_and_chimaeras_-_the_status_of_the_chondrichthyan_fishes.pdf,44998171
/media/simon/data/Documents/Si Work/PostDoc Work/EEA/2025/Data Panel/database/book_chapter_staging/A2_reports_cmar_rp022.pdf,A2_reports,/media/simon/data/Documents/Si Work/PostDoc Work/EEA/2025/Data Panel/outputs/download_push_2026-09-17/A2_reports/pdfs/volumes/cmar_rp022.pdf,24,1383;3338;3339;3340;3341;3342;3344;3346;3347;3348;3349;3350;3351;3352;3353;3354;3355;3356;3357;3358;3359;3360;3363;3364,covered_by_volume,"CSIRO Marine and Atmospheric Research Paper, 22, 227–240 | CSIRO Marine and Atmospheric Research Paper, 22, 203–226 | CSIRO Marine and Atmospheric Research Paper, 22, 327–340 | CSIRO Marine and Atmospheric Research Paper, 22, 349–356 | CSIRO Marine and Atmospheric Research Paper, 22, 179–188 | CSIRO Marine and Atmospheric Research Paper, 22, 75–92 | CSIRO Marine and Atmospheric Research Paper, 22, 303–314 | CSIRO Marine and Atmospheric Research Paper, 22, 283–292 | CSIRO Marine and Atmospheric Research Paper, 22, 147–158 | CSIRO Marine and Atmospheric Research Paper, 22, 39–48 | CSIRO Marine and Atmospheric Research Paper, 22, 35–38 | CSIRO Marine and Atmospheric Research Paper, 22, 123–128 | CSIRO Marine and Atmospheric Research Paper, 22, 129–146 | CSIRO Marine and Atmospheric Research Paper, 22, 341–348 | CSIRO Marine and Atmospheric Research Paper, 22, 315–326 | CSIRO Marine and Atmospheric Research Paper, 22, 275–282 | CSIRO Marine and Atmospheric Research Paper, 22, 159–170 | CSIRO Marine and Atmospheric Research Paper, 22, 269–274 | CSIRO Marine and Atmospheric Research Paper, 22, 293–302 | CSIRO Marine and Atmospheric Research Paper, 22, 93–104 | CSIRO Marine and Atmospheric Research Paper, 22, 113–122 | CSIRO Marine and Atmospheric Research Paper, 22, 261–268 | CSIRO Marine and Atmospheric Research Paper, 22, 23–34 | CSIRO Marine and Atmospheric Research Paper, 22, 241–260",http://www.cmar.csiro.au/e-print/open/cmar_rp022.pdf,13597565
/media/simon/data/Documents/Si Work/PostDoc Work/EEA/2025/Data Panel/database/book_chapter_staging/A2_reports_tr90_pratt_1990_elasmobranchs_living_resources.pdf,A2_reports,/media/simon/data/Documents/Si Work/PostDoc Work/EEA/2025/Data Panel/outputs/download_push_2026-09-17/A2_reports/pdfs/volumes/tr90_pratt_1990_elasmobranchs_living_resources.pdf,24,1619;2420;4660;5165;5221;5575;5576;6024;6114;7275;7276;7279;7280;7281;7282;7284;7285;7286;7287;7289;7292;7293;7294;7295,covered_by_volume,"In Pratt, H.L., Gruber, S.H., Taniuchi, T., editors. Elasmobranchs as living resources: advances in the biology, ecology, systematics, and the status of the fisheries: NOAA Technical Report NMFS, 90: 427–442 | In Pratt, H.L., Gruber, S.H., Taniuchi, T., editors. Elasmobranchs as living resources: advances in the biology, ecology, systematics, and the status of the fisheries: NOAA Technical Report NMFS, 90: 17–28 | In Pratt, H.L., Gruber, S.H., Taniuchi, T., editors. Elasmobranchs as living resources: advances in the biology, ecology, systematics, and the status of the fisheries: NOAA Technical Report NMFS, 90: 167–176 | In Pratt, H.L., Gruber, S.H., Taniuchi, T., editors. Elasmobranchs as living resources: advances in the biology, ecology, systematics, and the status of the fisheries: NOAA Technical Report NMFS, 90: 157–165 | In Pratt, H.L., Gruber, S.H., Taniuchi, T., editors. Elasmobranchs as living resources: advances in the biology, ecology, systematics, and the status of the fisheries: NOAA Technical Report NMFS, 90: 71–96 | In Pratt, H.L., Gruber, S.H., Taniuchi, T., editors. Elasmobranchs as living resources: advances in the biology, ecology, systematics, and the status of the fisheries: NOAA Technical Report NMFS, 90: 269–284 | In Pratt, H.L., Gruber, S.H., Taniuchi, T., editors. Elasmobranchs as living resources: advances in the biology, ecology, systematics, and the status of the fisheries: NOAA Technical Report NMFS, 90: 63–69 | In Pratt, H.L., Gruber, S.H., Taniuchi, T., editors. Elasmobranchs as living resources: advances in the biology, ecology, systematics, and the status of the fisheries: NOAA Technical Report NMFS, 90: 131–142 | In Pratt, H.L., Gruber, S.H., Taniuchi, T., editors. Elasmobranchs as living resources: advances in the biology, ecology, systematics, and the status of the fisheries: NOAA Technical Report NMFS, 90: 1–15 | In Pratt, H.L., Gruber, S.H., Taniuchi, T., editors. Elasmobranchs as living resources: advances in the biology, ecology, systematics, and the status of the fisheries: NOAA Technical Report NMFS, 90: 455–472 | In Pratt, H.L., Gruber, S.H., Taniuchi, T., editors. Elasmobranchs as living resources: advances in the biology, ecology, systematics, and the status of the fisheries: NOAA Technical Report NMFS, 90: 285–304 | In Pratt, H.L., Gruber, S.H., Taniuchi, T., editors. Elasmobranchs as living resources: advances in the biology, ecology, systematics, and the status of the fisheries: NOAA Technical Report NMFS, 90: 304–326 | In Pratt, H.L., Gruber, S.H., Taniuchi, T., editors. Elasmobranchs as living resources: advances in the biology, ecology, systematics, and the status of the fisheries: NOAA Technical Report NMFS, 90: 203–210 | In Pratt, H.L., Gruber, S.H., Taniuchi, T., editors. Elasmobranchs as living resources: advances in the biology, ecology, systematics, and the status of the fisheries: NOAA Technical Report NMFS, 90: 381–388 | In Pratt, H.L., Gruber, S.H., Taniuchi, T., editors. Elasmobranchs as living resources: advances in the biology, ecology, systematics, and the status of the fisheries: NOAA Technical Report NMFS, 90: 239–256 | In Pratt, H.L., Gruber, S.H., Taniuchi, T., editors. Elasmobranchs as living resources: advances in the biology, ecology, systematics, and the status of the fisheries: NOAA Technical Report NMFS, 90: 49–54 | In Pratt, H.L., Gruber, S.H., Taniuchi, T., editors. Elasmobranchs as living resources: advances in the biology, ecology, systematics, and the status of the fisheries: NOAA Technical Report NMFS, 90: 111–130 | In Pratt, H.L., Gruber, S.H., Taniuchi, T., editors. Elasmobranchs as living resources: advances in the biology, ecology, systematics, and the status of the fisheries: NOAA Technical Report NMFS, 90: 97–111 | In Pratt, H.L., Gruber, S.H., Taniuchi, T., editors. Elasmobranchs as living resources: advances in the biology, ecology, systematics, and the status of the fisheries: NOAA Technical Report NMFS, 90: 143–155 | In Pratt, H.L., Gruber, S.H., Taniuchi, T., editors. Elasmobranchs as living resources: advances in the biology, ecology, systematics, and the status of the fisheries: NOAA Technical Report NMFS, 90: 415–428 | In Pratt, H.L., Gruber, S.H., Taniuchi, T., editors. Elasmobranchs as living resources: advances in the biology, ecology, systematics, and the status of the fisheries: NOAA Technical Report NMFS, 90: 257–268 | In Pratt, H.L., Gruber, S.H., Taniuchi, T., editors. Elasmobranchs as living resources: advances in the biology, ecology, systematics, and the status of the fisheries: NOAA Technical Report NMFS, 90: 211–237, figs 1–16 | In Pratt, H.L., Gruber, S.H., Taniuchi, T., editors. Elasmobranchs as living resources: advances in the biology, ecology, systematics, and the status of the fisheries: NOAA Technical Report NMFS, 90: 55–62 | In Pratt, H.L., Gruber, S.H., Taniuchi, T., editors. Elasmobranchs as living resources: advances in the biology, ecology, systematics, and the status of the fisheries: NOAA Technical Report NMFS, 90: 389–390",https://spo.nmfs.noaa.gov/sites/default/files/legacy-pdfs/tr90.pdf,285769724
/media/simon/data/Documents/Si Work/PostDoc Work/EEA/2025/Data Panel/database/book_chapter_staging/A2_reports_fao_ftp378_1_shotton1999_elasmobranch_case_studies.pdf,A2_reports,/media/simon/data/Documents/Si Work/PostDoc Work/EEA/2025/Data Panel/outputs/download_push_2026-09-17/A2_reports/pdfs/volumes/fao_ftp378_1_shotton1999_elasmobranch_case_studies.pdf,12,4201;5492;13089;13090;13091;13092;13093;13094;13095;13096;13097;13100,covered_by_volume,"FAO Fisheries Technical Paper, 378/1, 20 pp | FAO Fisheries Technical Paper, 378/1, 26 pp | FAO Fisheries Technical Paper, 378/1, 28 pp | FAO Fisheries Technical Paper, 378/1, 109–148 | FAO Fisheries Technical Paper, 378/1, 28 pp | FAO Fisheries Technical Paper, 378/1, 25 pp | FAO Fisheries Technical Paper, 378/1, 22 pp | FAO Fisheries Technical Paper, 378/1, 74–108 | FAO Fisheries Technical Paper, 378/1, 47–73 | FAO Fisheries Technical Paper, 378/1, 218–267 | FAO Fisheries Technical Paper, 378/1, 456–479 | FAO Fisheries Technical Paper, 378/1, 31 pp",https://www.fao.org/4/x2097e/x2097e00.htm (17 chapter pages X2097E00-20.htm concatenated & converted to PDF),4552415
/media/simon/data/Documents/Si Work/PostDoc Work/EEA/2025/Data Panel/database/book_chapter_staging/A2_reports_cmar_rp021.pdf,A2_reports,/media/simon/data/Documents/Si Work/PostDoc Work/EEA/2025/Data Panel/outputs/download_push_2026-09-17/A2_reports/pdfs/volumes/cmar_rp021.pdf,10,3308;3309;3310;3311;3312;3313;3314;3315;3316;3317,covered_by_volume,"CSIRO Marine and Atmospheric Research Paper, 21, 109–118 | CSIRO Marine and Atmospheric Research Paper, 21, 119–134 | CSIRO Marine and Atmospheric Research Paper, 21, 173–181 | CSIRO Marine and Atmospheric Research Paper, 21, 145–154 | CSIRO Marine and Atmospheric Research Paper, 21, 135–144 | CSIRO Marine and Atmospheric Research Paper, 21, 1–8 | CSIRO Marine and Atmospheric Research Paper, 21, 9–52 | CSIRO Marine and Atmospheric Research Paper, 21, 53–98 | CSIRO Marine and Atmospheric Research Paper, 21, 155–172 | CSIRO Marine and Atmospheric Research Paper, 21, 99–108",http://www.cmar.csiro.au/e-print/open/2008/lastpr_a.pdf,9533075
/media/simon/data/Documents/Si Work/PostDoc Work/EEA/2025/Data Panel/database/book_chapter_staging/A2_reports_fao_ftp378_2_shotton1999_elasmobranch_case_studies.pdf,A2_reports,/media/simon/data/Documents/Si Work/PostDoc Work/EEA/2025/Data Panel/outputs/download_push_2026-09-17/A2_reports/pdfs/volumes/fao_ftp378_2_shotton1999_elasmobranch_case_studies.pdf,10,11375;13103;13104;13105;13106;13107;13108;13109;13110;13111,covered_by_volume,"FAO Fisheries Technical Paper, 378/2, 54 pp | FAO Fisheries Technical Paper, 378/2, 44 pp | FAO Fisheries Technical Paper, 378/2, 26 pp | FAO Fisheries Technical Paper, 378/2, 774–818 | FAO Fisheries Technical Paper, 378/2, 28 pp | FAO Fisheries Technical Paper, 378/2, 57 pp | FAO Fisheries Technical Paper, 378/2, 29 pp | FAO Fisheries Technical Paper, 378/2, 19 pp | FAO Fisheries Technical Paper, 378/2, 29 pp | FAO Fisheries Technical Paper, 378/2, 23 pp",https://www.fao.org/4/X2098E/X2098E00.htm (14 chapter pages concatenated & converted to PDF),3508836
/media/simon/data/Documents/Si Work/PostDoc Work/EEA/2025/Data Panel/database/book_chapter_staging/A2_reports_tr115_branstetter_1993_conservation_biology_elasmobranchs.pdf,A2_reports,/media/simon/data/Documents/Si Work/PostDoc Work/EEA/2025/Data Panel/outputs/download_push_2026-09-17/A2_reports/pdfs/volumes/tr115_branstetter_1993_conservation_biology_elasmobranchs.pdf,9,1747;5493;5731;7269;7270;7271;7272;7273;7274,covered_by_volume,"In Conservation Biology of Elasmobranchs. Ed. by S. Branstetter. NOAA Technical Report NMFS, 115: 31–38 | In Conservation Biology of Elasmobranchs. Ed. by S. Branstetter. NOAA Technical Report NMFS, 115: 73–86 | In Conservation Biology of Elasmobranchs. Ed. by S. Branstetter. NOAA Technical Report NMFS, 115: 65–71 | In Conservation Biology of Elasmobranchs. Ed. by S. Branstetter. NOAA Technical Report NMFS, 115: 53–60 | In Conservation Biology of Elasmobranchs. Ed. by S. Branstetter. NOAA Technical Report NMFS, 115: 39–52 | In Conservation Biology of Elasmobranchs. Ed. by S. Branstetter. NOAA Technical Report NMFS, 115: 61–64 | In Conservation Biology of Elasmobranchs. Ed. by S. Branstetter. NOAA Technical Report NMFS, 115: 1–18, figs 1–9 | In Conservation Biology of Elasmobranchs. Ed. by S. Branstetter. NOAA Technical Report NMFS, 115: 19–330 | In Conservation Biology of Elasmobranchs. Ed. by S. Branstetter. NOAA Technical Report NMFS, 115: 87–99",https://spo.nmfs.noaa.gov/sites/default/files/legacy-pdfs/tr115.pdf,53865097
/media/simon/data/Documents/Si Work/PostDoc Work/EEA/2025/Data Panel/database/book_chapter_staging/A2_reports_sharknews_14.pdf,A2_reports,/media/simon/data/Documents/Si Work/PostDoc Work/EEA/2025/Data Panel/outputs/download_push_2026-09-17/A2_reports/pdfs/volumes/sharknews_14.pdf,5,7153;7154;7155;7156;7157,covered_by_volume,"Shark News, Newsletter of the IUCN Shark Specialist Group, 14, 1–2 | Shark News, Newsletter of the IUCN Shark Specialist Group, 14, 9 | Shark News, Newsletter of the IUCN Shark Specialist Group, 14, 4 | Shark News, Newsletter of the IUCN Shark Specialist Group, 14, 5 | Shark News, Newsletter of the IUCN Shark Specialist Group, 14, 6–7",https://www.iucnssg.org/uploads/5/4/1/2/54120303/sn14_march2002.pdf,504112
/media/simon/data/Documents/Si Work/PostDoc Work/EEA/2025/Data Panel/database/book_chapter_staging/A2_reports_tr8.pdf,A2_reports,/media/simon/data/Documents/Si Work/PostDoc Work/EEA/2025/Data Panel/outputs/download_push_2026-09-17/A2_reports/pdfs/volumes/tr8.pdf,5,5899;6052;7306;7308;7309,covered_by_volume,"In Proceedings of the International Workshop on Age Determination of Oceanic Pelagic Fishes: Tunas, Billfishes, and Sharks. By Eric D. Prince(convener and editor) and Lynn M. Pulos(editor). NOAA Technical Report, 8: 179–188 | In Proceedings of the International Workshop on Age Determination of Oceanic Pelagic Fishes: Tunas, Billfishes, and Sharks. By Eric D. Prince(convener and editor) and Lynn M. Pulos(editor). NOAA Technical Report, 8: 157–165 | In Proceedings of the International Workshop on Age Determination of Oceanic Pelagic Fishes: Tunas, Billfishes, and Sharks. By Eric D. Prince(convener and editor) and Lynn M. Pulos(editor). NOAA Technical Report, 8: 189–192 | In Proceedings of the International Workshop on Age Determination of Oceanic Pelagic Fishes: Tunas, Billfishes, and Sharks. By Eric D. Prince(convener and editor) and Lynn M. Pulos(editor). NOAA Technical Report, 8: 193–205 | In Proceedings of the International Workshop on Age Determination of Oceanic Pelagic Fishes: Tunas, Billfishes, and Sharks. By Eric D. Prince(convener and editor) and Lynn M. Pulos(editor). NOAA Technical Report, 8: 167–174",https://spo.nmfs.noaa.gov/sites/default/files/legacy-pdfs/tr8.pdf,119352525
/media/simon/data/Documents/Si Work/PostDoc Work/EEA/2025/Data Panel/database/book_chapter_staging/A2_reports_sharknews_07.pdf,A2_reports,/media/simon/data/Documents/Si Work/PostDoc Work/EEA/2025/Data Panel/outputs/download_push_2026-09-17/A2_reports/pdfs/volumes/sharknews_07.pdf,4,4244;7212;7226;7227,covered_by_volume,"Shark News, Newsletter of the IUCN Shark Specialist Group, 7, 3 | Shark News, Newsletter of the IUCN Shark Specialist Group, 7, 14 | Shark News, Newsletter of the IUCN Shark Specialist Group, 7, 4 | Shark News, Newsletter of the IUCN Shark Specialist Group, 7, 10",https://www.iucnssg.org/uploads/5/4/1/2/54120303/sn07_june1996.pdf,2557596
/media/simon/data/Documents/Si Work/PostDoc Work/EEA/2025/Data Panel/database/book_chapter_staging/A2_reports_sharknews_12.pdf,A2_reports,/media/simon/data/Documents/Si Work/PostDoc Work/EEA/2025/Data Panel/outputs/download_push_2026-09-17/A2_reports/pdfs/volumes/sharknews_12.pdf,4,4174;7149;7150;7152,covered_by_volume,"Shark News, Newsletter of the IUCN Shark Specialist Group, 12, 4 | Shark News, Newsletter of the IUCN Shark Specialist Group, 12, 14 | Shark News, Newsletter of the IUCN Shark Specialist Group, 12, 1–2 | Shark News, Newsletter of the IUCN Shark Specialist Group, 12, 8–9",https://www.iucnssg.org/uploads/5/4/1/2/54120303/sn12_nov1998.pdf,1144772
/media/simon/data/Documents/Si Work/PostDoc Work/EEA/2025/Data Panel/database/book_chapter_staging/A2_reports_csiro_rays_of_world_supplementary_2016.pdf,A2_reports,/media/simon/data/Documents/Si Work/PostDoc Work/EEA/2025/Data Panel/outputs/download_push_2026-09-17/A2_reports/pdfs/volumes/csiro_rays_of_world_supplementary_2016.pdf,3,24727;24865;24874,covered_by_volume,"In Rays of the World: Supplementary information(Last, P. R. & Yearsley, G. K., eds), CSIRO Special Publication: 35–40 | In Last, P.R., White, W.T., Carvalho, M.R. de, Séret, B., Stehmann, M.F.W & Naylor, G.J.P(Eds.) Rays of the World. CSIRO Publishing, Melbourne: 31–48 | In Last, P.R., White, W.T., Carvalho, M.R. de, Séret, B., Stehmann, M.F.W & Naylor, G.J.P(Eds.) Rays of the World. CSIRO Publishing, Melbourne: 137–169",https://www.publish.csiro.au/samples/Rays%20of%20the%20World%20-%20supplementary%20information.pdf,5752778
/media/simon/data/Documents/Si Work/PostDoc Work/EEA/2025/Data Panel/database/book_chapter_staging/A2_reports_fao_w7192e_carpenter_niem_1998_wcp_vol2_sharks_chapter.pdf,A2_reports,/media/simon/data/Documents/Si Work/PostDoc Work/EEA/2025/Data Panel/outputs/download_push_2026-09-17/A2_reports/pdfs/volumes/fao_w7192e_carpenter_niem_1998_wcp_vol2_sharks_chapter.pdf,2,544;20050,covered_by_volume,"In K.E. Carpenter and V.H. Niem(eds.), FAO Identification Guide for Fishery Purposes. The Living Marine Resources of the Western Central Pacific. Food and Agriculture Organization, Rome: 1195–1232, 1235–1259, 1264–1267, 1279–1295, 1297–1304, 1312–1360 | In K.E. Carpenter and V.H. Niem(eds.), FAO Identification Guide for Fishery Purposes. The Living Marine Resources of the Western Central Pacific. Food and Agriculture Organization, Rome: 1233–1234, 1260–1263, 1268–1278, 1296, 1305–1311, 1361–1366",https://www.fao.org/3/w7192e/w7192e39.pdf,268765
/media/simon/data/Documents/Si Work/PostDoc Work/EEA/2025/Data Panel/database/book_chapter_staging/A2_reports_sharknews_06.pdf,A2_reports,/media/simon/data/Documents/Si Work/PostDoc Work/EEA/2025/Data Panel/outputs/download_push_2026-09-17/A2_reports/pdfs/volumes/sharknews_06.pdf,2,862;7225,covered_by_volume,"Shark News, Newsletter of the IUCN Shark Specialist Group, 6, 2 | Shark News, Newsletter of the IUCN Shark Specialist Group, 6, 4",https://www.iucnssg.org/uploads/5/4/1/2/54120303/sn06_march1996.pdf,1989876
/media/simon/data/Documents/Si Work/PostDoc Work/EEA/2025/Data Panel/database/book_chapter_staging/A2_reports_sharknews_09.pdf,A2_reports,/media/simon/data/Documents/Si Work/PostDoc Work/EEA/2025/Data Panel/outputs/download_push_2026-09-17/A2_reports/pdfs/volumes/sharknews_09.pdf,2,4383;7213,covered_by_volume,"Shark News, Newsletter of the IUCN Shark Specialist Group, 9, 11 | Shark News, Newsletter of the IUCN Shark Specialist Group, 9, 8–9",https://www.iucnssg.org/uploads/5/4/1/2/54120303/sn09_june1997.pdf,1994044
/media/simon/data/Documents/Si Work/PostDoc Work/EEA/2025/Data Panel/database/book_chapter_staging/A2_reports_sharknews_16.pdf,A2_reports,/media/simon/data/Documents/Si Work/PostDoc Work/EEA/2025/Data Panel/outputs/download_push_2026-09-17/A2_reports/pdfs/volumes/sharknews_16.pdf,2,7159;7160,covered_by_volume,"Shark News, Newsletter of the IUCN Shark Specialist Group, 16, 1–3 | Shark News, Newsletter of the IUCN Shark Specialist Group, 16, 10–11",https://www.iucnssg.org/uploads/5/4/1/2/54120303/sn16_oct2004.pdf,918764
/media/simon/data/Documents/Si Work/PostDoc Work/EEA/2025/Data Panel/database/book_chapter_staging/A2_reports_tr31.pdf,A2_reports,/media/simon/data/Documents/Si Work/PostDoc Work/EEA/2025/Data Panel/outputs/download_push_2026-09-17/A2_reports/pdfs/volumes/tr31.pdf,2,7310;7311,covered_by_volume,"In Shark catches from selected fisheries off the U.S. east coast. By Emory D. Anderson, John G. Casey, John J. Hoey, and W. N. Witzell, NOAA Technical Report, 31: 1–14 | In Shark catches from selected fisheries off the U.S. east coast. By Emory D. Anderson, John G. Casey, John J. Hoey, and W. N. Witzell, NOAA Technical Report, 31: 21–22",https://spo.nmfs.noaa.gov/sites/default/files/legacy-pdfs/tr31.pdf,12858478
/media/simon/data/Documents/Si Work/PostDoc Work/EEA/2025/Data Panel/database/book_chapter_staging/A2_reports_cmar_rp014.pdf,A2_reports,/media/simon/data/Documents/Si Work/PostDoc Work/EEA/2025/Data Panel/outputs/download_push_2026-09-17/A2_reports/pdfs/volumes/cmar_rp014.pdf,1,3328,covered_by_volume,"CSIRO Marine and Atmospheric Research Paper, 14, 117–130",http://www.cmar.csiro.au/e-print/open/cmar_rp014.pdf,6254371
/media/simon/data/Documents/Si Work/PostDoc Work/EEA/2025/Data Panel/database/book_chapter_staging/A2_reports_fao_ae500e_maldives_shark_fisheries_1993.pdf,A2_reports,/media/simon/data/Documents/Si Work/PostDoc Work/EEA/2025/Data Panel/outputs/download_push_2026-09-17/A2_reports/pdfs/volumes/fao_ae500e_maldives_shark_fisheries_1993.pdf,1,57,downloaded,"Ministry of Fisheries and Agriculture, Maldives, and FAO, 76 pp., 19 figs.",https://www.fao.org/4/ae500e/ae500e00.htm,971669
/media/simon/data/Documents/Si Work/PostDoc Work/EEA/2025/Data Panel/database/book_chapter_staging/A2_reports_fao_ftp337_1994_world_review_highly_migratory_species.pdf,A2_reports,/media/simon/data/Documents/Si Work/PostDoc Work/EEA/2025/Data Panel/outputs/download_push_2026-09-17/A2_reports/pdfs/volumes/fao_ftp337_1994_world_review_highly_migratory_species.pdf,1,20076,downloaded,"FAO Fisheries Technical Paper, 337, 70 pp",https://www.fao.org/4/T3740E/T3740E00.htm,1077709
/media/simon/data/Documents/Si Work/PostDoc Work/EEA/2025/Data Panel/database/book_chapter_staging/A2_reports_fao_synopsis125_compagno1984_sharks_of_world_part2_carcharhiniformes.pdf,A2_reports,/media/simon/data/Documents/Si Work/PostDoc Work/EEA/2025/Data Panel/outputs/download_push_2026-09-17/A2_reports/pdfs/volumes/fao_synopsis125_compagno1984_sharks_of_world_part2_carcharhiniformes.pdf,1,517,downloaded,"FAO Fisheries Synopsis No. 125, 4(2): 251–633","https://www.fao.org/4/ad123e/ad123e00.htm (chapters 01-37,39,41 concatenated)",28915585
/media/simon/data/Documents/Si Work/PostDoc Work/EEA/2025/Data Panel/database/book_chapter_staging/A2_reports_fao_x9293e_compagno_dando_fowler2005_sharks_of_world_vol2.pdf,A2_reports,/media/simon/data/Documents/Si Work/PostDoc Work/EEA/2025/Data Panel/outputs/download_push_2026-09-17/A2_reports/pdfs/volumes/fao_x9293e_compagno_dando_fowler2005_sharks_of_world_vol2.pdf,1,531,downloaded,"FAO Species Catalogue for Fishery Purposes No. 1, Vol. 2: 1–250",https://www.fao.org/4/x9293e/x9293e00.htm,11728994
/media/simon/data/Documents/Si Work/PostDoc Work/EEA/2025/Data Panel/database/book_chapter_staging/A2_reports_fao_y4350e_arthur_ahmed2002_parasites_fishes_bangladesh.pdf,A2_reports,/media/simon/data/Documents/Si Work/PostDoc Work/EEA/2025/Data Panel/outputs/download_push_2026-09-17/A2_reports/pdfs/volumes/fao_y4350e_arthur_ahmed2002_parasites_fishes_bangladesh.pdf,1,17190,downloaded,"FAO Fisheries Technical Paper, 369/1, 77 pp",https://www.fao.org/4/Y4350E/Y4350E00.htm,1427847
/media/simon/data/Documents/Si Work/PostDoc Work/EEA/2025/Data Panel/database/book_chapter_staging/A2_reports_fao_y5945e_serena2005_med_sharks_rays_id_guide.pdf,A2_reports,/media/simon/data/Documents/Si Work/PostDoc Work/EEA/2025/Data Panel/outputs/download_push_2026-09-17/A2_reports/pdfs/volumes/fao_y5945e_serena2005_med_sharks_rays_id_guide.pdf,1,2149,downloaded,"FAO Species Identification Guide for Fishery Purposes, 97p. 11 colour plates + egg cases",https://www.fao.org/4/y5945e/y5945e00.htm,5566961
/media/simon/data/Documents/Si Work/PostDoc Work/EEA/2025/Data Panel/database/book_chapter_staging/A2_reports_sharknews_04.pdf,A2_reports,/media/simon/data/Documents/Si Work/PostDoc Work/EEA/2025/Data Panel/outputs/download_push_2026-09-17/A2_reports/pdfs/volumes/sharknews_04.pdf,1,7224,covered_by_volume,"Shark News, Newsletter of the IUCN Shark Specialist Group, 4, 5",https://www.iucnssg.org/uploads/5/4/1/2/54120303/sn04_july1995.pdf,2027107
/media/simon/data/Documents/Si Work/PostDoc Work/EEA/2025/Data Panel/database/book_chapter_staging/A2_reports_sharknews_08.pdf,A2_reports,/media/simon/data/Documents/Si Work/PostDoc Work/EEA/2025/Data Panel/outputs/download_push_2026-09-17/A2_reports/pdfs/volumes/sharknews_08.pdf,1,7228,covered_by_volume,"Shark News, Newsletter of the IUCN Shark Specialist Group, 8, 10–11",https://www.iucnssg.org/uploads/5/4/1/2/54120303/sn08_dec1996.pdf,3301789
/media/simon/data/Documents/Si Work/PostDoc Work/EEA/2025/Data Panel/database/book_chapter_staging/A2_reports_sharknews_15.pdf,A2_reports,/media/simon/data/Documents/Si Work/PostDoc Work/EEA/2025/Data Panel/outputs/download_push_2026-09-17/A2_reports/pdfs/volumes/sharknews_15.pdf,1,7158,covered_by_volume,"Shark News, Newsletter of the IUCN Shark Specialist Group, 15, 9",https://www.iucnssg.org/uploads/5/4/1/2/54120303/sn15_dec2003.pdf,811130
/media/simon/data/Documents/Si Work/PostDoc Work/EEA/2025/Data Panel/database/book_chapter_staging/A2_reports_tr121.pdf,A2_reports,/media/simon/data/Documents/Si Work/PostDoc Work/EEA/2025/Data Panel/outputs/download_push_2026-09-17/A2_reports/pdfs/volumes/tr121.pdf,1,17205,downloaded,NOAA Technical Report NMFS 121: 108pp,https://spo.nmfs.noaa.gov/sites/default/files/legacy-pdfs/tr121.pdf,45306320
/media/simon/data/Documents/Si Work/PostDoc Work/EEA/2025/Data Panel/database/book_chapter_staging/A2_reports_tr153.pdf,A2_reports,/media/simon/data/Documents/Si Work/PostDoc Work/EEA/2025/Data Panel/outputs/download_push_2026-09-17/A2_reports/pdfs/volumes/tr153.pdf,1,5811,downloaded,"NOAA Technical Report NMFS, 153: 1–36",https://spo.nmfs.noaa.gov/sites/default/files/legacy-pdfs/tr153.pdf,1187524
/media/simon/data/Documents/Si Work/PostDoc Work/EEA/2025/Data Panel/database/book_chapter_staging/A2_reports_tr34.pdf,A2_reports,/media/simon/data/Documents/Si Work/PostDoc Work/EEA/2025/Data Panel/outputs/download_push_2026-09-17/A2_reports/pdfs/volumes/tr34.pdf,1,909,downloaded,"NOAA Technical Report NMFS, 34, 1–26",https://spo.nmfs.noaa.gov/sites/default/files/legacy-pdfs/tr34.pdf,14563055
A1b_cossmanniana_HS2.pdf,A1b,/media/simon/data/Documents/Si Work/PostDoc Work/EEA/2025/Data Panel/outputs/download_push_2026-09-17/A1b_europe_residue/pdfs/volumes/cossmanniana_HS2.pdf,10,146;193;194;927;3430;3431;3432;3433;3434;3435,covered_by_volume,"Cossmanniana, Hors–série 2, 43–48",http://www.germc.net/wp-content/uploads/Cossmannia_HS2_1993.pdf,5293754
A1b_cossmanniana_T124.pdf,A1b,/media/simon/data/Documents/Si Work/PostDoc Work/EEA/2025/Data Panel/outputs/download_push_2026-09-17/A1b_europe_residue/pdfs/volumes/cossmanniana_T124.pdf,2,4849;22112,covered_by_volume,"Cossmanniana, 1(2–4), 27–30",http://www.germc.net/wp-content/uploads/Cossmanniana_tome12-4_1992.pdf,6328083
A1b_cossmanniana_T412.pdf,A1b,/media/simon/data/Documents/Si Work/PostDoc Work/EEA/2025/Data Panel/outputs/download_push_2026-09-17/A1b_europe_residue/pdfs/volumes/cossmanniana_T412.pdf,1,17269,covered_by_volume,"Cossmanniana, 4(1–2), 39–44",http://www.germc.net/wp-content/uploads/Cossmanniana_tome41-2_1997.pdf,6269411
A1c_archive.org_anatomischeranz121896anat.pdf,A1c,/media/simon/data/Documents/Si Work/PostDoc Work/EEA/2025/Data Panel/outputs/download_push_2026-09-17/A1c_bhl_rerun/pdfs/volumes/archive.org_anatomischeranz121896anat.pdf,1,2045,covered_by_volume,"Anatomischer Anzeiger, 11, 425–433",https://archive.org/download/anatomischeranz121896anat/anatomischeranz121896anat.pdf,104181664
A1c_archive.org_bull-societe-geologique-de-france-lettre-semestrielle_1896_24_5.pdf,A1c,/media/simon/data/Documents/Si Work/PostDoc Work/EEA/2025/Data Panel/outputs/download_push_2026-09-17/A1c_bhl_rerun/pdfs/volumes/archive.org_bull-societe-geologique-de-france-lettre-semestrielle_1896_24_5.pdf,2,13941;17369,covered_by_volume,"Bulletin de la Société géologique de France, (Serie 3), 24, 9–23",https://archive.org/download/bull-societe-geologique-de-france-lettre-semestrielle_1896_24_5/bull-societe-geologique-de-france-lettre-semestrielle_1896_24_5.pdf,8783484
A1c_archive.org_bull-societe-geologique-de-france-lettre-semestrielle_1897_25_2.pdf,A1c,/media/simon/data/Documents/Si Work/PostDoc Work/EEA/2025/Data Panel/outputs/download_push_2026-09-17/A1c_bhl_rerun/pdfs/volumes/archive.org_bull-societe-geologique-de-france-lettre-semestrielle_1897_25_2.pdf,3,1942;10288;12943,covered_by_volume,"Bulletin de la Société géologique de France, (Serie 3), 25, 228–232",https://archive.org/download/bull-societe-geologique-de-france-lettre-semestrielle_1897_25_2/bull-societe-geologique-de-france-lettre-semestrielle_1897_25_2.pdf,5900056
A1c_archive.org_bull-societe-geologique-de-france-lettre-semestrielle_1940_10_7-9.pdf,A1c,/media/simon/data/Documents/Si Work/PostDoc Work/EEA/2025/Data Panel/outputs/download_push_2026-09-17/A1c_bhl_rerun/pdfs/volumes/archive.org_bull-societe-geologique-de-france-lettre-semestrielle_1940_10_7-9.pdf,1,88,covered_by_volume,"Bulletin de la Société géologique de France, 10(5), 127–147",https://archive.org/download/bull-societe-geologique-de-france-lettre-semestrielle_1940_10_7-9/bull-societe-geologique-de-france-lettre-semestrielle_1940_10_7-9.pdf,8066986
A1c_archive.org_comptes-rendus-lacademie-des-sciences-vie-academique_1858-11-29_47_22.pdf,A1c,/media/simon/data/Documents/Si Work/PostDoc Work/EEA/2025/Data Panel/outputs/download_push_2026-09-17/A1c_bhl_rerun/pdfs/volumes/archive.org_comptes-rendus-lacademie-des-sciences-vie-academique_1858-11-29_47_22.pdf,1,2070,covered_by_volume,Comptes Rendus hebdomadaires des séances de l,https://archive.org/download/comptes-rendus-lacademie-des-sciences-vie-academique_1858-11-29_47_22/comptes-rendus-lacademie-des-sciences-vie-academique_1858-11-29_47_22.pdf,4815703
A1c_archive.org_revuecritiquedep71903coss.pdf,A1c,/media/simon/data/Documents/Si Work/PostDoc Work/EEA/2025/Data Panel/outputs/download_push_2026-09-17/A1c_bhl_rerun/pdfs/volumes/archive.org_revuecritiquedep71903coss.pdf,1,51,covered_by_volume,"Revue critique de Paléozoologie, 7, 148–152",https://archive.org/download/revuecritiquedep71903coss/revuecritiquedep71903coss.pdf,21814710
A1c_archive.org_sitzungsberichte1898gese.pdf,A1c,/media/simon/data/Documents/Si Work/PostDoc Work/EEA/2025/Data Panel/outputs/download_push_2026-09-17/A1c_bhl_rerun/pdfs/volumes/archive.org_sitzungsberichte1898gese.pdf,3,1211;1212;1213,covered_by_volume,"Sitzungsberichte der Gesellschaft naturforschender Freunde zu Berlin, 1898, 161–169",https://archive.org/download/sitzungsberichte1898gese/sitzungsberichte1898gese.pdf,11960358
A1c_archive.org_sitzungsberichte1906deut.pdf,A1c,/media/simon/data/Documents/Si Work/PostDoc Work/EEA/2025/Data Panel/outputs/download_push_2026-09-17/A1c_bhl_rerun/pdfs/volumes/archive.org_sitzungsberichte1906deut.pdf,1,15002,covered_by_volume,"Sitzungsberichte der Königlich Preussischen Akademie der Wissenschaften zu Berlin, 1906, 907–933",https://archive.org/download/sitzungsberichte1906deut/sitzungsberichte1906deut_bw.pdf,33811601
A1c_archive.org_sitzungsberichte1910gese.pdf,A1c,/media/simon/data/Documents/Si Work/PostDoc Work/EEA/2025/Data Panel/outputs/download_push_2026-09-17/A1c_bhl_rerun/pdfs/volumes/archive.org_sitzungsberichte1910gese.pdf,1,35456,covered_by_volume,"Sitzungsberichte der Gesellschaft Naturforschender Freunde zu Berlin, 1910(9), 387–389",https://archive.org/download/sitzungsberichte1910gese/sitzungsberichte1910gese_bw.pdf,50924236
A1c_archive.org_zeitschriftfrd301867natu.pdf,A1c,/media/simon/data/Documents/Si Work/PostDoc Work/EEA/2025/Data Panel/outputs/download_push_2026-09-17/A1c_bhl_rerun/pdfs/volumes/archive.org_zeitschriftfrd301867natu.pdf,1,34542,covered_by_volume,"Zeitschrift für die Gesammten Naturwissenschaften, 30, 415",https://archive.org/download/zeitschriftfrd301867natu/zeitschriftfrd301867natu.pdf,44904900
A1c_archive.org_zeitschriftfrwi661899seib.pdf,A1c,/media/simon/data/Documents/Si Work/PostDoc Work/EEA/2025/Data Panel/outputs/download_push_2026-09-17/A1c_bhl_rerun/pdfs/volumes/archive.org_zeitschriftfrwi661899seib.pdf,2,15043;27022,covered_by_volume,"Zeitschrift für wissenschaftliche Zoologie, 66(1), 5–26",https://archive.org/download/zeitschriftfrwi661899seib/zeitschriftfrwi661899seib.pdf,74916697
A1c_archive.org_zeitschriftfrwi691901seib.pdf,A1c,/media/simon/data/Documents/Si Work/PostDoc Work/EEA/2025/Data Panel/outputs/download_push_2026-09-17/A1c_bhl_rerun/pdfs/volumes/archive.org_zeitschriftfrwi691901seib.pdf,1,1179,covered_by_volume,"Zeitschrift für wissenschaftliche Zoologie, 70, 592–674",https://archive.org/download/zeitschriftfrwi691901seib/zeitschriftfrwi691901seib.pdf,83249289
A3b_calfishgame_california-fish-bulletin_1950_75.pdf,A3b,/media/simon/data/Documents/Si Work/PostDoc Work/EEA/2025/Data Panel/outputs/download_push_2026-09-17/A3b_residue/pdfs/volumes/calfishgame_california-fish-bulletin_1950_75.pdf,1,2058,covered_by_volume,,https://archive.org/download/california-fish-bulletin_1950_75/california-fish-bulletin_1950_75.pdf,5498655
A3b_calfishgame_california-fish-bulletin_1972_157.pdf,A3b,/media/simon/data/Documents/Si Work/PostDoc Work/EEA/2025/Data Panel/outputs/download_push_2026-09-17/A3b_residue/pdfs/volumes/calfishgame_california-fish-bulletin_1972_157.pdf,1,1669,covered_by_volume,,https://archive.org/download/california-fish-bulletin_1972_157/california-fish-bulletin_1972_157.pdf,13094410
A3b_calfishgame_california-fish-bulletin_1974_160.pdf,A3b,/media/simon/data/Documents/Si Work/PostDoc Work/EEA/2025/Data Panel/outputs/download_push_2026-09-17/A3b_residue/pdfs/volumes/calfishgame_california-fish-bulletin_1974_160.pdf,1,808,covered_by_volume,,https://archive.org/download/california-fish-bulletin_1974_160/california-fish-bulletin_1974_160.pdf,12376649
A3b_calfishgame_california-fish-bulletin_1993_175.pdf,A3b,/media/simon/data/Documents/Si Work/PostDoc Work/EEA/2025/Data Panel/outputs/download_push_2026-09-17/A3b_residue/pdfs/volumes/calfishgame_california-fish-bulletin_1993_175.pdf,1,1081,covered_by_volume,,https://archive.org/download/california-fish-bulletin_1993_175/california-fish-bulletin_1993_175.pdf,4972607
A3b_calfishgame_californiafishga52_3cali.pdf,A3b,/media/simon/data/Documents/Si Work/PostDoc Work/EEA/2025/Data Panel/outputs/download_push_2026-09-17/A3b_residue/pdfs/volumes/calfishgame_californiafishga52_3cali.pdf,1,77,covered_by_volume,,https://archive.org/download/californiafishga52_3cali/californiafishga52_3cali.pdf,6291998
A3b_calfishgame_californiafishga60_4cali.pdf,A3b,/media/simon/data/Documents/Si Work/PostDoc Work/EEA/2025/Data Panel/outputs/download_push_2026-09-17/A3b_residue/pdfs/volumes/calfishgame_californiafishga60_4cali.pdf,1,2776,covered_by_volume,,https://archive.org/download/californiafishga60_4cali/californiafishga60_4cali.pdf,4672805
A3b_calfishgame_californiafishga62_4cali.pdf,A3b,/media/simon/data/Documents/Si Work/PostDoc Work/EEA/2025/Data Panel/outputs/download_push_2026-09-17/A3b_residue/pdfs/volumes/calfishgame_californiafishga62_4cali.pdf,1,2332,covered_by_volume,,https://archive.org/download/californiafishga62_4cali/californiafishga62_4cali.pdf,5256739
A3b_calfishgame_californiafishga63_2cali.pdf,A3b,/media/simon/data/Documents/Si Work/PostDoc Work/EEA/2025/Data Panel/outputs/download_push_2026-09-17/A3b_residue/pdfs/volumes/calfishgame_californiafishga63_2cali.pdf,1,80,covered_by_volume,,https://archive.org/download/californiafishga63_2cali/californiafishga63_2cali.pdf,3109089
A3b_calfishgame_californiafishga65_3cali.pdf,A3b,/media/simon/data/Documents/Si Work/PostDoc Work/EEA/2025/Data Panel/outputs/download_push_2026-09-17/A3b_residue/pdfs/volumes/calfishgame_californiafishga65_3cali.pdf,1,1155,covered_by_volume,,https://archive.org/download/californiafishga65_3cali/californiafishga65_3cali.pdf,3261107
A3b_calfishgame_californiafishga66_4cali.pdf,A3b,/media/simon/data/Documents/Si Work/PostDoc Work/EEA/2025/Data Panel/outputs/download_push_2026-09-17/A3b_residue/pdfs/volumes/calfishgame_californiafishga66_4cali.pdf,1,55,covered_by_volume,,https://archive.org/download/californiafishga66_4cali/californiafishga66_4cali_bw.pdf,3214848
A3b_calfishgame_californiafishga67_2cali.pdf,A3b,/media/simon/data/Documents/Si Work/PostDoc Work/EEA/2025/Data Panel/outputs/download_push_2026-09-17/A3b_residue/pdfs/volumes/calfishgame_californiafishga67_2cali.pdf,1,1668,covered_by_volume,,https://archive.org/download/californiafishga67_2cali/californiafishga67_2cali.pdf,3376360
A3b_calfishgame_californiafishga70_3cali.pdf,A3b,/media/simon/data/Documents/Si Work/PostDoc Work/EEA/2025/Data Panel/outputs/download_push_2026-09-17/A3b_residue/pdfs/volumes/calfishgame_californiafishga70_3cali.pdf,1,778,covered_by_volume,,https://archive.org/download/californiafishga70_3cali/californiafishga70_3cali.pdf,3406437
A3b_calfishgame_californiafishga72_3cali.pdf,A3b,/media/simon/data/Documents/Si Work/PostDoc Work/EEA/2025/Data Panel/outputs/download_push_2026-09-17/A3b_residue/pdfs/volumes/calfishgame_californiafishga72_3cali.pdf,1,2147,covered_by_volume,,https://archive.org/download/californiafishga72_3cali/californiafishga72_3cali.pdf,3542660
A3b_calfishgame_californiafishga72_4cali.pdf,A3b,/media/simon/data/Documents/Si Work/PostDoc Work/EEA/2025/Data Panel/outputs/download_push_2026-09-17/A3b_residue/pdfs/volumes/calfishgame_californiafishga72_4cali.pdf,1,15364,covered_by_volume,,https://archive.org/download/californiafishga72_4cali/californiafishga72_4cali.pdf,3229846
A3b_calfishgame_californiafishga73_3cali.pdf,A3b,/media/simon/data/Documents/Si Work/PostDoc Work/EEA/2025/Data Panel/outputs/download_push_2026-09-17/A3b_residue/pdfs/volumes/calfishgame_californiafishga73_3cali.pdf,1,1996,covered_by_volume,,https://archive.org/download/californiafishga73_3cali/californiafishga73_3cali.pdf,3013117
A3b_elisha_mitchell_sim_journal-elisha-mitchell-scientific-society_1950-06_66_1.pdf,A3b,/media/simon/data/Documents/Si Work/PostDoc Work/EEA/2025/Data Panel/outputs/download_push_2026-09-17/A3b_residue/pdfs/volumes/elisha_mitchell_sim_journal-elisha-mitchell-scientific-society_1950-06_66_1.pdf,1,7206,covered_by_volume,,https://archive.org/download/sim_journal-elisha-mitchell-scientific-society_1950-06_66_1/sim_journal-elisha-mitchell-scientific-society_1950-06_66_1.pdf,21523131
A3b_elisha_mitchell_sim_journal-elisha-mitchell-scientific-society_1951-06_67_1.pdf,A3b,/media/simon/data/Documents/Si Work/PostDoc Work/EEA/2025/Data Panel/outputs/download_push_2026-09-17/A3b_residue/pdfs/volumes/elisha_mitchell_sim_journal-elisha-mitchell-scientific-society_1951-06_67_1.pdf,1,7207,covered_by_volume,,https://archive.org/download/sim_journal-elisha-mitchell-scientific-society_1951-06_67_1/sim_journal-elisha-mitchell-scientific-society_1951-06_67_1.pdf,32785066
