surname,first_year,last_year,years_active,paper_count,avg_papers_per_year
Chisholm,1991,2020,16,26,0.87
Caira,1993,2022,15,25,0.83
Kearn,1963,2016,20,23,0.43
White,2002,2024,15,23,1.0
Beveridge,1988,2014,17,22,0.81
Braccini,2002,2021,13,18,0.9
Weigmann,2012,2024,9,17,1.31
Francis,1992,2019,13,16,0.57
Heupel,1996,2019,15,16,0.67
Whittington,1986,2011,11,15,0.58
Ebert,1987,2024,11,15,0.39
Gallagher,2012,2022,7,15,1.36
Dippenaar,2006,2024,11,15,0.79
Smith,1969,2022,12,14,0.26
Last,2004,2023,7,14,0.7
Williams,1959,2013,12,13,0.24
Papastamatiou,2005,2023,11,13,0.68
Sims,1993,2015,10,12,0.52
Barnett,2009,2017,7,12,1.33
Meyer,2007,2021,7,12,0.8
Silva,2007,2021,9,12,0.8
Taylor,1971,2022,11,11,0.21
Schaeffner,2011,2019,7,11,1.22
Santos,2004,2025,8,11,0.5
Coelho,2003,2020,9,11,0.61
Kousteni,2015,2022,6,11,1.38
Ruhnke,1994,2015,8,10,0.45
Borucinska,1998,2013,9,10,0.62
Liu,1999,2023,7,10,0.4
Matich,2010,2022,9,10,0.77
Clarke,2001,2024,9,10,0.42
Henderson,2002,2024,9,10,0.43
Lyons,2013,2024,8,10,0.83
Campbell,1987,2023,9,9,0.24
Moravec,1997,2021,8,9,0.36
Espinoza,2011,2024,5,9,0.64
Anderson,2011,2025,7,9,0.6
Guttridge,2009,2025,9,9,0.53
Finucci,2016,2024,6,9,1.0
Rosa,1985,2017,7,8,0.24
Cortés,1992,2017,8,8,0.31
Simpfendorfer,1993,2016,6,8,0.33
Hammerschlag,2011,2025,5,8,0.53
Harry,2011,2024,7,8,0.57
Afonso,2012,2022,5,8,0.73
Dicken,2006,2018,7,8,0.62
Jacoby,2010,2022,6,8,0.62
Li,2012,2023,5,8,0.67
Martin,2001,2020,6,8,0.4
Soares,2013,2021,5,8,0.89
Bouyoucos,2017,2021,5,8,1.6
Shipley,2017,2024,5,8,1.0
Ellis,1995,2018,6,7,0.29
Hussey,2010,2018,5,7,0.78
Barbini,2010,2021,6,7,0.58
Benoît,2008,2015,6,7,0.88
Brown,2010,2025,7,7,0.44
Dudgeon,2008,2020,6,7,0.54
Hoffmayer,2001,2021,7,7,0.33
Randhawa,2007,2015,6,7,0.78
Spaet,2010,2022,6,7,0.54
Whitney,2008,2023,6,7,0.44
Yopak,2007,2019,7,7,0.54
Moore,2001,2019,6,7,0.37
Ferretti,2008,2024,7,7,0.41
Wood,2003,2010,5,7,0.88
Cutmore,2009,2018,5,7,0.7
Domingues,2007,2020,7,7,0.5
Wyffels,2005,2025,6,7,0.33
Poddubnaya,2013,2017,5,7,1.4
Viana,2014,2018,4,7,1.4
Irigoitia,2016,2020,5,7,1.4
Wosnick,2017,2023,5,7,1.0
Scott,1957,2025,6,6,0.09
Mcvicar,1970,1979,5,6,0.6
Boxshall,1974,2022,5,6,0.12
Stevens,1975,2010,5,6,0.17
Jones,1977,2020,4,6,0.14
Klimley,1985,2022,5,6,0.16
Morgan,1997,2021,6,6,0.24
Gleiss,2009,2017,4,6,0.67
Huveneers,2007,2021,6,6,0.4
Joung,2011,2022,5,6,0.5
Kyne,2008,2020,5,6,0.46
Pollerspöck,2011,2018,5,6,0.75
Vaughan,2010,2024,5,6,0.4
Ajemian,2012,2021,4,6,0.6
Bornatowski,2012,2023,5,6,0.5
Bustamante,2012,2025,5,6,0.43
Haseli,2012,2017,4,6,1.0
Queiroz,2010,2023,6,6,0.43
Watanabe,2009,2023,6,6,0.4
Chen,2008,2022,6,6,0.4
Kneebone,2013,2024,5,6,0.5
Poisson,2009,2024,5,6,0.38
Wang,2009,2024,5,6,0.38
Carvalho,2011,2018,5,6,0.75
Moura,2005,2020,5,6,0.38
O'Connell,2007,2020,5,6,0.43
Lim,2014,2023,5,6,0.6
Chero,2016,2021,5,6,1.0
Ehemann,2017,2024,4,6,0.75
Lear,2017,2024,6,6,0.75
Zhang,2019,2024,5,6,1.0
Andrzejaczek,2018,2024,4,6,0.86
Haque,2019,2022,4,6,1.5
Kai,2017,2020,4,6,1.5
Young,1967,2020,5,5,0.09
Grant,1979,2020,3,5,0.12
Stehmann,1982,2021,5,5,0.12
Capapé,1983,2014,5,5,0.16
Johnson,1984,2019,4,5,0.14
Peterson,1984,2020,3,5,0.14
Lund,1990,2015,5,5,0.19
Ginter,1992,2007,5,5,0.31
Walker,1992,2019,5,5,0.18
Ivanov,1998,2021,4,5,0.21
Lowe,1998,2019,4,5,0.23
Punt,1998,2008,4,5,0.45
Ferreira,2011,2024,5,5,0.36
Flammang,2007,2011,4,5,1.0
Justine,2005,2011,4,5,0.71
King,2006,2017,3,5,0.42
Rohner,2011,2022,4,5,0.42
Świderski,2006,2012,4,5,0.71
Mandelman,2007,2012,4,5,0.83
Mourier,2012,2021,4,5,0.5
Rogers,2000,2017,4,5,0.28
Shiffman,2012,2019,5,5,0.62
Trinnie,2009,2016,5,5,0.62
Chin,2013,2023,4,5,0.45
Corrigan,2008,2017,4,5,0.5
Chapman,2009,2016,3,5,0.62
Swain,2006,2019,5,5,0.36
Dunn,2003,2022,5,5,0.25
Navarro,2013,2024,4,5,0.42
Rigby,2014,2017,4,5,1.25
Adams,2015,2024,5,5,0.5
Elston,2015,2023,5,5,0.56
Kroetz,2015,2025,5,5,0.45
Santo,2015,2017,3,5,1.67
Shamsi,2016,2020,4,5,1.0
Trif,2016,2025,4,5,0.5
Micarelli,2017,2025,5,5,0.56
Carbonara,2019,2024,5,5,0.83
Weber,2020,2024,3,5,1.0
Talwar,2017,2025,4,5,0.56
Zhao,2018,2025,3,5,0.62
Rangel,2019,2022,3,5,1.25
Llewellyn,1960,1984,2,4,0.16
Thorson,1982,2017,4,4,0.11
Barker,1984,2022,4,4,0.1
Clark,1989,2022,3,4,0.12
Bullock,1991,2024,3,4,0.12
Compagno,1991,2005,4,4,0.27
Motta,1995,2014,4,4,0.2
Smart,1995,2018,4,4,0.17
Bennett,1997,2021,3,4,0.16
Carlson,1997,2017,4,4,0.19
Cribb,1997,2017,4,4,0.19
Sundström,1998,2009,4,4,0.33
Gubili,2009,2016,4,4,0.5
Jacobsen,2009,2013,4,4,0.8
Poulakis,2011,2019,4,4,0.44
Serra-Pereira,2010,2015,3,4,0.67
Vaudo,2006,2011,3,4,0.67
Ward-Paige,2011,2018,3,4,0.5
Andrews,2009,2015,4,4,0.57
Belleggia,2012,2021,3,4,0.4
Bond,2012,2019,4,4,0.5
Davidson,2011,2016,3,4,0.67
Daly-Engel,2007,2019,4,4,0.31
Graham,2006,2016,4,4,0.36
Hutchinson,2012,2023,4,4,0.33
Iglésias,2010,2022,4,4,0.31
Lopez,2012,2020,3,4,0.44
Macneil,2005,2020,4,4,0.25
Pickering,2008,2014,4,4,0.57
Sequeira,2012,2014,3,4,1.33
Rowat,2007,2013,4,4,0.57
Awruch,2009,2021,4,4,0.31
Concha,2009,2019,4,4,0.36
Kelly,2013,2021,3,4,0.44
Lipej,2009,2025,4,4,0.24
Dulvy,2000,2024,4,4,0.16
Palm,2008,2020,4,4,0.31
Natanson,2008,2020,4,4,0.31
Pillans,2005,2021,4,4,0.24
Bernal,2009,2018,4,4,0.4
Baremore,2009,2019,3,4,0.36
Bizzarro,2007,2023,4,4,0.24
Carlisle,2009,2015,4,4,0.57
Farrell,2009,2014,3,4,0.67
Kajiura,2003,2022,3,4,0.2
Kulka,2009,2024,2,4,0.25
Tovar-Ávila,2007,2010,3,4,1.0
Wearmouth,2009,2014,3,4,0.67
Logan,2010,2020,3,4,0.36
Portnoy,2010,2016,4,4,0.57
Speed,2010,2019,4,4,0.4
Carpenter,2011,2025,4,4,0.27
Walsh,2001,2022,4,4,0.18
Wilson,2001,2015,4,4,0.27
Sherman,2003,2023,3,4,0.19
Costa,2005,2023,4,4,0.21
Rodríguez-Cabello,2005,2020,4,4,0.25
Duncan,2006,2015,2,4,0.4
Glennon,2006,2007,2,4,2.0
Collins,2007,2021,3,4,0.27
Robinson,2007,2016,4,4,0.4
Bangley,2014,2021,3,4,0.5
Jaiteh,2014,2021,4,4,0.5
Mitchell,2014,2024,4,4,0.36
Romero-Caicedo,2014,2016,3,4,1.33
Dallares,2015,2017,2,4,1.33
Jabado,2015,2018,4,4,1.0
Phillips,2015,2021,3,4,0.57
Raoult,2015,2019,3,4,0.8
Rolim,2015,2022,4,4,0.5
Rastgoo,2016,2018,3,4,1.33
Vazquez,2016,2022,4,4,0.57
Araujo,2017,2019,3,4,1.33
Fujinami,2017,2020,3,4,1.0
Franzese,2018,2023,3,4,0.67
Gayford,2023,2025,3,4,1.33
Weideli,2019,2023,2,4,0.8
Burke,2020,2024,3,4,0.8
Reinero,2022,2025,3,4,1.0
Yu,2017,2025,4,4,0.44
Martins,2018,2025,4,4,0.5
Setyawan,2022,2025,2,4,1.0
Booth,2019,2021,3,4,1.33
Coleman,2019,2021,2,4,1.33
Lawson,2017,2022,4,4,0.67
Murillo-Cisneros,2018,2021,3,4,1.0
Smukall,2019,2022,3,4,1.0
Niella,2017,2022,4,4,0.67
Doane,2018,2023,3,4,0.67
Piiper,1967,1977,3,3,0.27
Simmons,1969,1972,2,3,0.75
Russo,1975,2017,2,3,0.07
Rasmussen,1980,2018,3,3,0.08
Taguchi,1980,2015,3,3,0.08
Schultze,1982,2009,3,3,0.11
Lyle,1983,1986,3,3,0.75
Benz,1986,2017,3,3,0.09
Raschi,1986,1992,3,3,0.43
Bruce,1990,2015,3,3,0.12
Parsons,1990,2018,3,3,0.1
Long,1993,2021,3,3,0.1
Wu,1994,2021,3,3,0.11
Bray,1995,2020,3,3,0.12
Oliver,1996,2023,3,3,0.11
Shen,1996,2024,3,3,0.1
Bonfil,1997,2024,3,3,0.11
Gelsleichter,1998,2020,3,3,0.13
Neifar,1998,2000,3,3,1.0
Filmalter,2011,2013,2,3,1.0
Fyler,2007,2011,3,3,0.6
Gleeson,2010,2012,3,3,1.0
Kinney,2009,2016,3,3,0.38
Quiroz,2009,2011,3,3,1.0
Semba,2011,2024,3,3,0.21
Tazerouti,2007,2011,3,3,0.6
Veríssimo,2010,2012,3,3,1.0
Werry,2011,2018,3,3,0.38
Adnet,2012,2019,3,3,0.38
Aschliman,2010,2014,3,3,0.6
Brooks,2012,2015,3,3,0.75
Damalas,2010,2012,3,3,1.0
Drymon,2012,2020,3,3,0.33
Freedman,2002,2017,3,3,0.19
Fischer,2012,2014,3,3,1.0
Frick,2010,2012,2,3,1.0
Hyatt,2012,2018,3,3,0.43
Human,2006,2012,3,3,0.43
Izzo,2012,2020,3,3,0.33
Irvine,2006,2012,2,3,0.43
Kim,2012,2025,3,3,0.21
Leeney,2012,2024,3,3,0.23
Marshall,2012,2015,2,3,0.75
McKinney,2012,2015,3,3,0.75
Mcmeans,2007,2015,3,3,0.33
Menoret,2012,2021,3,3,0.3
Mollen,2012,2023,3,3,0.25
Molina,2012,2023,3,3,0.25
Paramo,2012,2021,3,3,0.3
Ota,2012,2024,3,3,0.23
Rincon,2012,2021,3,3,0.3
Renshaw,2002,2012,3,3,0.27
Saglam,2003,2012,3,3,0.3
Séret,2012,2023,3,3,0.25
Tillett,2008,2012,2,3,0.6
Wegner,2010,2012,2,3,1.0
Yamaguchi,2003,2021,3,3,0.16
Anastasopoulou,2013,2019,3,3,0.43
Cielocha,2011,2014,3,3,0.75
Davis,2002,2013,2,3,0.25
Ferrari,2013,2023,3,3,0.27
Heithaus,2008,2014,3,3,0.43
Figueiredo,2007,2020,3,3,0.21
Jensen,2008,2016,3,3,0.33
Lisney,2006,2017,3,3,0.25
Powter,2008,2010,2,3,1.0
Zhou,2008,2022,3,3,0.2
Alvarenga,2009,2024,3,3,0.19
Dean,2004,2009,3,3,0.5
Freitas,2006,2025,3,3,0.15
Ismen,2003,2009,3,3,0.43
Healy,2003,2020,3,3,0.17
Kolmann,2009,2022,3,3,0.21
Watson,2001,2014,3,3,0.21
Wong,2009,2022,3,3,0.21
Frisk,2006,2014,3,3,0.33
Jeffree,2006,2010,2,3,0.6
Malek,2007,2016,3,3,0.3
Schluessel,2010,2015,3,3,0.5
Sagarese,2010,2014,2,3,0.6
Abrantes,2011,2021,3,3,0.27
Brunnschweiler,2005,2018,3,3,0.21
Colonello,2011,2020,3,3,0.3
Nakaya,2000,2020,3,3,0.14
Pereira,2002,2023,3,3,0.14
Sueiro,2003,2019,3,3,0.18
Cooper,2004,2020,2,3,0.18
Sandoval-Castillo,2004,2020,3,3,0.18
Sepulveda,2004,2015,3,3,0.25
Lucifora,2006,2019,3,3,0.21
Treberg,2006,2016,3,3,0.27
Burreson,2007,2020,3,3,0.21
Miller,2007,2022,3,3,0.19
Pennino,2013,2019,3,3,0.43
Richards,2013,2018,3,3,0.5
Reum,2013,2020,3,3,0.38
Spath,2013,2017,3,3,0.6
Tolotti,2013,2023,3,3,0.27
Dell'apa,2014,2018,3,3,0.6
Green,2014,2023,3,3,0.3
Heard,2014,2020,3,3,0.43
Kessel,2014,2017,3,3,0.75
Munroe,2014,2015,2,3,1.5
Pérez-Jiménez,2014,2020,3,3,0.43
Rodriguez-Cabello,2014,2017,3,3,0.75
Tucker,2014,2022,3,3,0.33
Varghese,2014,2017,3,3,0.75
Tsikliras,2014,2021,2,3,0.38
Barría,2015,2018,2,3,0.75
Bernot,2015,2019,3,3,0.6
Dedman,2015,2017,3,3,1.0
Grace,2015,2023,3,3,0.33
Legare,2015,2020,3,3,0.5
Murray,2015,2024,3,3,0.3
O'Bryhim,2015,2021,3,3,0.43
Osgood,2015,2021,3,3,0.43
Ryan,2015,2019,3,3,0.6
Alves,2016,2025,3,3,0.3
Araújo,2016,2024,3,3,0.33
Bezerra,2016,2020,3,3,0.6
Byrnes,2016,2021,3,3,0.5
Dapp,2016,2017,2,3,1.5
Gilman,2016,2022,3,3,0.43
James,2016,2022,3,3,0.43
Lea,2016,2019,3,3,0.75
Plumlee,2016,2022,3,3,0.43
Pimiento,2016,2019,3,3,0.75
Ramírez-Amaro,2016,2018,2,3,1.0
Swift,2016,2023,3,3,0.38
Yang,2016,2019,2,3,0.75
Xu,2016,2022,2,3,0.43
Amalfitano,2017,2019,2,3,1.0
Barley,2017,2020,2,3,0.75
Borsa,2017,2021,3,3,0.6
Das,2017,2022,2,3,0.5
French,2017,2022,3,3,0.5
Kabasakal,2017,2024,3,3,0.38
Misawa,2017,2023,3,3,0.43
Murie,2020,2024,3,3,0.6
Reis,2020,2023,3,3,0.75
Scacco,2023,2024,2,3,1.5
Vella,2017,2023,2,3,0.43
Bellodi,2021,2024,3,3,0.75
Cullen,2019,2024,2,3,0.5
Glaus,2020,2024,2,3,0.6
Heim,2021,2024,3,3,0.75
Kilfoil,2017,2024,3,3,0.38
Kraft,2021,2025,3,3,0.6
Lipscombe,2020,2024,2,3,0.6
MarquezFarias,2020,2024,3,3,0.6
Livernois,2021,2024,2,3,0.75
Ng,2024,2025,2,3,1.5
Feitosa,2020,2025,2,3,0.5
Lesturgie,2022,2025,2,3,0.75
Keller,2017,2025,3,3,0.33
Meese,2020,2025,2,3,0.5
Lin,2021,2025,3,3,0.6
Thorburn,2018,2025,3,3,0.38
Braun,2019,2022,3,3,0.75
Estupiñán-Montaño,2018,2019,2,3,1.5
Edwards,2019,2022,2,3,0.75
Nevatte,2019,2021,3,3,1.0
Pazmiño,2017,2019,3,3,1.0
Pouca,2018,2019,2,3,1.5
Rutledge,2019,2021,2,3,1.0
Berio,2020,2022,2,3,1.0
Croizier,2020,2020,1,3,3.0
Leigh,2017,2021,3,3,0.6
Yano,2017,2022,2,3,0.5
Fontes,2018,2022,3,3,0.6
Pegado,2018,2020,2,3,1.0
Ott,2018,2021,3,3,0.75
Whitehead,2020,2022,3,3,1.0
Elliott,2020,2022,2,3,1.0
Kindong,2022,2022,1,3,3.0
Lavender,2021,2022,2,3,1.5
Lester,2020,2022,3,3,1.0
Collareta,2021,2023,2,3,1.0
Rao,1950,2019,2,2,0.03
Read,1957,1959,2,2,0.67
Myers,1959,2007,2,2,0.04
Silas,1963,1985,2,2,0.09
Sawyer,1967,1975,2,2,0.22
Pillai,1968,1985,2,2,0.11
Olson,1970,2001,2,2,0.06
Arnold,1972,2005,2,2,0.06
Nair,1973,1976,2,2,0.5
Kabata,1974,1993,2,2,0.1
Bishop,1975,2005,2,2,0.06
Heisler,1978,1988,2,2,0.18
Hara,1982,2018,2,2,0.05
Taniuchi,1982,1983,2,2,1.0
Cappetta,1982,2016,2,2,0.06
Talent,1982,1985,2,2,0.5
Pratt,1983,2001,2,2,0.11
Tanaka,1983,2021,2,2,0.05
Rees,1984,2014,2,2,0.06
SomasekharanNair,1984,1986,2,2,0.67
Deroos,1985,1992,2,2,0.25
Beverley-Burton,1987,1989,2,2,0.67
Pascoe,1987,2020,2,2,0.06
Preez,1988,1990,2,2,0.67
Rice,1988,2016,2,2,0.07
Castro,1989,2016,2,2,0.07
Khalil,1989,2017,2,2,0.07
Tappenden,1990,1991,2,2,1.0
BeverleyBurton,1991,1993,2,2,0.67
Chiba,1991,1992,2,2,1.0
Hornung,1993,2024,2,2,0.06
Schmid,1994,2020,2,2,0.07
Au,1997,2015,2,2,0.11
Diebakate,1997,2000,2,2,0.5
Ballantyne,1997,2013,2,2,0.12
Goldman,1997,2006,2,2,0.2
Gray,1997,2018,2,2,0.09
Manire,1997,2007,2,2,0.18
Amorim,1998,2000,2,2,0.67
Chiaramonte,1998,2000,2,2,0.67
Lessa,1998,2004,2,2,0.29
Scholz,1998,2022,2,2,0.08
Smale,1998,2001,2,2,0.5
Field,2009,2011,2,2,0.67
Griffiths,2010,2011,2,2,1.0
Grim,2011,2012,2,2,1.0
Little,2011,2012,2,2,1.0
Lam,2008,2011,2,2,0.5
Luchetti,2008,2011,2,2,0.5
Mendonça,2011,2012,2,2,1.0
Nakamura,2011,2021,2,2,0.18
Newman,2011,2012,2,2,1.0
Orlov,2011,2022,2,2,0.17
Pajuelo,2011,2016,2,2,0.33
Swimmer,2011,2020,2,2,0.2
Underwood,2011,2013,2,2,0.67
Wienerroither,2011,2015,2,2,0.4
Ali,2012,2020,2,2,0.22
Boyle,2012,2022,2,2,0.18
Bubley,2012,2013,2,2,1.0
Daley,2012,2015,2,2,0.5
Courtney,2012,2016,2,2,0.4
Ezcurra,2012,2012,1,2,2.0
Couturier,2012,2018,2,2,0.29
Eiras,2006,2012,2,2,0.29
Jawad,2012,2019,2,2,0.25
Mejía-Falla,2012,2019,2,2,0.25
Moro,2012,2020,2,2,0.22
Preti,2012,2020,2,2,0.22
Ruocco,2012,2017,2,2,0.33
Sperone,2010,2012,2,2,0.67
Renwart,2012,2013,2,2,1.0
Tavares,2009,2012,2,2,0.5
Vianna,2012,2018,2,2,0.29
Vögler,2012,2020,2,2,0.22
Wueringer,2012,2017,2,2,0.33
Yokota,2009,2012,2,2,0.5
Šantić,2012,2012,1,2,2.0
Akhilesh,2013,2023,2,2,0.18
Beckmann,2013,2014,2,2,1.0
Cartes,2013,2016,2,2,0.5
Clua,2011,2013,2,2,0.67
Cox,2013,2016,2,2,0.5
Dabruzzi,2013,2014,2,2,1.0
Delpiani,2013,2017,2,2,0.4
Deck,2013,2017,2,2,0.4
Dale,2011,2013,2,2,0.67
Froeschke,2010,2013,2,2,0.5
Goetze,2013,2025,2,2,0.15
Guinot,2013,2013,1,2,2.0
Klug,2010,2013,2,2,0.5
Lorance,2001,2013,2,2,0.15
Claes,2008,2014,2,2,0.29
Consoli,2004,2008,2,2,0.4
Dibattista,2006,2008,2,2,0.67
GaleanaVillaseñor,2008,2009,2,2,1.0
Gedamke,2007,2008,2,2,1.0
Gore,2008,2024,2,2,0.12
Straube,2008,2010,2,2,0.67
Ward,2008,2019,2,2,0.17
Cailliet,2009,2015,2,2,0.29
Chang,2009,2024,2,2,0.12
Curran,2009,2016,2,2,0.25
Ding,2009,2025,2,2,0.12
Enever,2009,2010,2,2,1.0
Estalles,2009,2011,2,2,0.67
Holland,2009,2009,1,2,2.0
Hoff,2009,2010,2,2,1.0
Mara,2009,2015,2,2,0.29
Macesic,2009,2010,2,2,1.0
Maxwell,2009,2019,2,2,0.18
Megalofonou,2009,2009,1,2,2.0
Porter,2009,2016,2,2,0.25
Driggers,2010,2018,2,2,0.22
Dudley,2005,2010,2,2,0.33
Gilmour,2004,2010,2,2,0.29
Farrugia,2010,2011,2,2,1.0
Hernández,2010,2015,2,2,0.33
Kitamura,2010,2019,2,2,0.2
Montealegre-Quijano,2010,2014,2,2,0.4
Pierce,2010,2010,1,2,2.0
Piercy,2010,2016,2,2,0.29
Piovano,2010,2017,2,2,0.25
Sleeman,2007,2010,2,2,0.5
Torres-Rojas,2010,2014,2,2,0.4
Tsai,2010,2019,2,2,0.2
Whitenack,2010,2010,1,2,2.0
Whittamore,2005,2010,2,2,0.33
Bethea,2007,2011,2,2,0.4
Chapple,2011,2024,2,2,0.14
Claeson,2011,2014,2,2,0.5
Fish,2000,2019,2,2,0.1
Pardini,2000,2001,2,2,1.0
Tullis,2000,2005,2,2,0.33
Wintner,2000,2018,2,2,0.11
Kohler,2001,2023,2,2,0.09
Ritter,2001,2014,2,2,0.14
West,2001,2020,2,2,0.1
Brickle,2002,2003,2,2,1.0
Janech,2002,2003,2,2,1.0
Karlsbakk,2002,2005,2,2,0.5
Mollet,2002,2002,1,2,2.0
Shepherd,2002,2005,2,2,0.5
Ball,2003,2016,2,2,0.14
Hardie,2003,2004,2,2,1.0
Marques,2003,2020,2,2,0.11
Turner,2003,2017,2,2,0.13
Bullard,2004,2006,2,2,0.67
Mabragaña,2004,2025,2,2,0.09
Tang,2004,2022,2,2,0.11
Sosebee,2004,2005,2,2,1.0
Campana,2005,2016,2,2,0.17
Cotton,2005,2015,2,2,0.18
Friggens,2005,2005,1,2,2.0
Johnson-Restrepo,2005,2007,2,2,0.67
Hulbert,2005,2006,2,2,1.0
Martín,2005,2024,2,2,0.1
Marie,2005,2006,2,2,1.0
Perez,2005,2017,2,2,0.15
Bradshaw,2007,2008,2,2,1.0
Hayes,2007,2021,2,2,0.13
Hight,2007,2007,1,2,2.0
Perry,2007,2018,2,2,0.17
Treloar,2007,2017,2,2,0.18
Weng,2007,2014,2,2,0.25
Lloyd,2013,2021,2,2,0.22
Mojica,2013,2014,2,2,1.0
Nielsen,2013,2016,2,2,0.5
Nosal,2013,2014,2,2,1.0
Oliveira,2013,2016,2,2,0.5
Ari,2014,2015,2,2,1.0
Bakopoulos,2014,2018,2,2,0.4
Fernandez-Carvalho,2014,2015,2,2,1.0
Golestaninasab,2014,2016,2,2,0.67
Groeneveld,2014,2024,2,2,0.18
Hazin,2014,2014,1,2,2.0
Irschick,2014,2015,2,2,1.0
Kadri,2014,2014,1,2,2.0
Kiszka,2014,2015,2,2,1.0
Ketchum,2014,2014,1,2,2.0
Harrison,2014,2018,2,2,0.4
Newby,2014,2014,1,2,2.0
Olin,2014,2018,2,2,0.4
Sibert,2014,2015,2,2,1.0
Stehfest,2014,2015,2,2,1.0
Vandeperre,2014,2016,2,2,0.67
Vignaud,2014,2014,1,2,2.0
Villafaña,2014,2018,2,2,0.4
Whitty,2014,2017,2,2,0.5
Amaral,2015,2018,2,2,0.5
Zapata-Hernandez,2014,2016,2,2,0.67
Cruz,2015,2023,2,2,0.22
Dharmadi,2015,2015,1,2,2.0
Drew,2015,2017,2,2,0.67
Duffy,2015,2018,2,2,0.5
Escalle,2015,2016,2,2,1.0
Furumitsu,2015,2019,2,2,0.4
Fuss,2015,2018,2,2,0.5
Finotto,2015,2023,2,2,0.22
Gardiner,2015,2017,2,2,0.67
Hacohen-Domené,2015,2017,2,2,0.67
Lara-Mendoza,2015,2021,2,2,0.29
Lauder,2015,2016,2,2,1.0
Loor-Andrade,2015,2017,2,2,0.67
Marino,2015,2018,2,2,0.5
Mas,2015,2020,2,2,0.33
Merwe,2015,2019,2,2,0.4
Neat,2015,2015,1,2,2.0
O'Shea,2015,2018,2,2,0.5
Newton,2015,2020,2,2,0.33
Otway,2015,2020,2,2,0.33
Payne,2015,2018,2,2,0.5
Pistevos,2015,2016,2,2,1.0
Shephard,2015,2019,2,2,0.4
Adel,2016,2017,2,2,1.0
Armstrong,2016,2021,2,2,0.33
Baez,2016,2016,1,2,2.0
Barreto,2016,2024,2,2,0.22
Barnes,2016,2023,2,2,0.25
Boudaya,2016,2020,2,2,0.4
Bigman,2016,2018,2,2,0.67
Every,2016,2019,2,2,0.5
Fields,2016,2020,2,2,0.4
Finger,2016,2018,2,2,0.67
Flammensbeck,2016,2018,2,2,0.67
Guida,2016,2017,2,2,1.0
Hollensead,2016,2018,2,2,0.67
Howey,2016,2017,2,2,1.0
Jaureguizar,2016,2021,2,2,0.33
Kempster,2016,2016,1,2,2.0
Kheddam,2016,2020,2,2,0.4
Lteif,2016,2017,2,2,1.0
Lopes,2016,2018,2,2,0.67
Marandel,2016,2019,2,2,0.5
Morrison,2016,2020,2,2,0.4
Robbins,2016,2017,2,2,1.0
Roff,2016,2018,2,2,0.67
Simpson,2016,2020,2,2,0.4
Takeda,2016,2023,2,2,0.25
Bernard,2017,2018,2,2,1.0
Bineesh,2017,2025,2,2,0.22
Byrne,2017,2019,2,2,0.67
Coffey,2017,2020,2,2,0.5
Clerkin,2017,2018,2,2,1.0
Doherty,2017,2019,2,2,0.67
Elisio,2017,2019,2,2,0.67
Fernandez,2017,2020,2,2,0.5
Flowers,2017,2020,2,2,0.5
Hancock,2023,2024,2,2,1.0
Kiilu,2019,2023,2,2,0.4
LopezRomero,2022,2023,2,2,1.0
Melis,2023,2023,1,2,2.0
Orrell,2023,2025,2,2,0.67
Parton,2019,2023,2,2,0.4
RodriguezIbarra,2018,2023,2,2,0.33
Shea,2023,2024,2,2,1.0
Smoothey,2019,2023,2,2,0.4
Skelton,2023,2024,2,2,1.0
Varela,2023,2025,2,2,0.67
Vaz,2021,2023,2,2,0.67
Yan,2021,2023,2,2,0.67
Balàka,2023,2024,2,2,1.0
Bucair,2024,2025,2,2,1.0
Bruns,2020,2024,2,2,0.4
Carluccio,2021,2024,2,2,0.5
DAntonio,2024,2025,2,2,1.0
Farabaugh,2024,2025,2,2,1.0
Gomes,2024,2025,2,2,1.0
Karnad,2019,2024,2,2,0.33
Klöcker,2024,2025,2,2,1.0
McIvor,2022,2024,2,2,0.67
Petean,2020,2024,2,2,0.4
Sternes,2020,2024,2,2,0.4
Spurgeon,2022,2024,2,2,0.67
Tyabji,2022,2024,2,2,0.67
Torres,2022,2024,2,2,0.67
Williamson,2019,2024,2,2,0.33
Xavier,2018,2024,2,2,0.29
Amini,2020,2025,2,2,0.33
Diamant,2018,2025,2,2,0.25
Dillon,2020,2025,2,2,0.33
McInturf,2022,2025,2,2,0.5
LópezRomero,2020,2025,2,2,0.33
Mucientes,2019,2025,2,2,0.29
Santoro,2022,2025,2,2,0.5
Staggl,2022,2025,2,2,0.5
Temple,2018,2025,2,2,0.25
Venables,2020,2025,2,2,0.33
Sulikowski,2018,2020,2,2,0.67
Weltz,2018,2019,2,2,1.0
Andrade,2019,2021,2,2,0.67
Barragán-Méndez,2018,2019,2,2,1.0
Crook,2019,2022,2,2,0.5
Curnick,2018,2020,2,2,0.67
Dwyer,2019,2020,2,2,1.0
Engelbrecht,2019,2020,2,2,1.0
Haugen,2017,2019,2,2,0.67
Hedeholm,2019,2021,2,2,0.67
Johri,2019,2021,2,2,0.67
Kuguru,2018,2019,2,2,1.0
Klein,2019,2022,2,2,0.5
Manuzzi,2019,2022,2,2,0.5
Marra,2017,2019,2,2,0.67
Maleki,2019,2020,2,2,1.0
Marramà,2019,2019,1,2,2.0
Muktha,2018,2019,2,2,1.0
Nacari,2018,2019,2,2,1.0
Musyl,2018,2019,2,2,1.0
Pinte,2019,2020,2,2,1.0
Pirog,2019,2020,2,2,1.0
Perryman,2019,2021,2,2,0.67
Rakshit,2019,2022,2,2,0.5
Saldana-Ruiz,2017,2019,2,2,0.67
Sales,2019,2020,2,2,1.0
Schaefer,2019,2021,2,2,0.67
Seamone,2019,2021,2,2,0.67
Serrano-Flores,2019,2021,2,2,0.67
Somsap,2019,2021,2,2,0.67
Tamburin,2019,2020,2,2,1.0
Tagliafico,2019,2021,2,2,0.67
Tickler,2017,2019,2,2,0.67
Warren,2019,2020,2,2,1.0
Basusta,2020,2022,2,2,0.67
Bom,2020,2022,2,2,0.67
Burgess,2018,2020,2,2,0.67
Calle-Moran,2020,2022,2,2,0.67
Camilieri-Asch,2020,2020,1,2,2.0
Colefax,2020,2020,1,2,2.0
Coiraton,2020,2020,1,2,2.0
Kirchhoff,2017,2022,2,2,0.33
Kritsky,2017,2020,2,2,0.5
Leone,2017,2020,2,2,0.5
Purushottama,2017,2022,2,2,0.33
Sanchez,2017,2022,2,2,0.33
Duarte,2018,2022,2,2,0.4
Gabbanelli,2018,2022,2,2,0.4
Hansell,2018,2021,2,2,0.5
Herzog,2018,2022,2,2,0.4
Johnston,2018,2022,2,2,0.4
Koehler,2018,2018,1,2,2.0
Knotek,2018,2020,2,2,0.67
Kock,2018,2022,2,2,0.4
Lopez-Martinez,2018,2020,2,2,0.67
LaroccaConte,2018,2020,2,2,0.67
Morales,2018,2021,2,2,0.5
Rudd,2021,2021,1,2,2.0
Sabadin,2020,2021,2,2,1.0
SantanderNeto,2021,2021,1,2,2.0
Thomas,2020,2021,2,2,1.0
Walls,2020,2021,2,2,1.0
Wheeler,2020,2021,2,2,1.0
DiLorenzo,2020,2022,2,2,0.67
Giovos,2020,2022,2,2,0.67
Griffin,2021,2022,2,2,1.0
Guzman,2020,2022,2,2,0.67
Hsu,2022,2022,1,2,2.0
Kumar,2021,2022,2,2,1.0
Barash,2023,2023,1,2,2.0
Butcher,2021,2023,2,2,0.67
Garcia-Rodriguez,2020,2020,1,2,2.0
O'Hea,2020,2021,2,2,1.0
Putra,2020,2020,1,2,2.0
Lee,2021,2021,1,2,2.0
Madigan,2021,2021,1,2,2.0
Oleksyn,2021,2021,1,2,2.0
Samuel,1952,1952,1,1,1.0
Fyfe,1953,1953,1,1,1.0
Matthews,1950,1950,1,1,1.0
Herald,1951,1951,1,1,1.0
Joseph,1954,1954,1,1,1.0
Roedel,1953,1953,1,1,1.0
Ingram,1957,1957,1,1,1.0
Whitley,1953,1953,1,1,1.0
Laird,1959,1959,1,1,1.0
Kulczycki,1957,1957,1,1,1.0
Nagaty,1961,1961,1,1,1.0
Coupland,1962,1962,1,1,1.0
Libby,1960,1960,1,1,1.0
Saoud,1963,1963,1,1,1.0
Millemann,1963,1963,1,1,1.0
Stanley,1963,1963,1,1,1.0
Gotshall,1965,1965,1,1,1.0
Goldstein,1966,1966,1,1,1.0
Gottfried,1967,1967,1,1,1.0
Wallace,1967,1967,1,1,1.0
Dienske,1968,1968,1,1,1.0
Buteau,1969,1969,1,1,1.0
Heinicke,1969,1969,1,1,1.0
Myrberg,1969,1969,1,1,1.0
TânTuê,1968,1968,1,1,1.0
Roy,1969,1969,1,1,1.0
Eccles,1970,1970,1,1,1.0
Applegate,1970,1970,1,1,1.0
Pappas,1970,1970,1,1,1.0
Cameron,1971,1971,1,1,1.0
Ktari,1972,1972,1,1,1.0
Grover,1972,1972,1,1,1.0
Seshappa,1972,1972,1,1,1.0
Beach,1973,1973,1,1,1.0
Schell,1973,1973,1,1,1.0
Muntz,1973,1973,1,1,1.0
Witkovsky,1973,1973,1,1,1.0
Deetjen,1974,1974,1,1,1.0
Euzet,1974,1974,1,1,1.0
Teshima,1974,1974,1,1,1.0
Whittaker,1974,1974,1,1,1.0
Kleerekoper,1975,1975,1,1,1.0
Matis,1975,1975,1,1,1.0
ZammitMaempel,1975,1975,1,1,1.0
Halton,1976,1976,1,1,1.0
Darracott,1977,1977,1,1,1.0
Neale,1977,1977,1,1,1.0
Ridge,1977,1977,1,1,1.0
Schwartz,1977,1977,1,1,1.0
Appukuttan,1978,1978,1,1,1.0
Brett,1978,1978,1,1,1.0
Gerald,1978,1978,1,1,1.0
Kemp,1979,1979,1,1,1.0
Northcutt,1979,1979,1,1,1.0
Brandt,1980,1980,1,1,1.0
Cooke,1980,1980,1,1,1.0
Fusaro,1980,1980,1,1,1.0
Orvig,1980,1980,1,1,1.0
Macpherson,1980,1980,1,1,1.0
Corwin,1981,1981,1,1,1.0
Brusca,1981,1981,1,1,1.0
Bushnell,1982,1982,1,1,1.0
Keyes,1982,1982,1,1,1.0
Stillwell,1982,1982,1,1,1.0
Uchida,1982,1982,1,1,1.0
Mccullough,1983,1983,1,1,1.0
Pai,1983,1983,1,1,1.0
Tarumoto,1983,1983,1,1,1.0
Barrett,1984,1984,1,1,1.0
Driedzic,1984,1984,1,1,1.0
Rossouw,1984,1984,1,1,1.0
Olsen,1984,1984,1,1,1.0
Waring,1984,1984,1,1,1.0
Arthur,1985,1985,1,1,1.0
Emery,1985,1985,1,1,1.0
Litman,1985,1985,1,1,1.0
Medved,1985,1985,1,1,1.0
Sakanari,1985,1985,1,1,1.0
Shields,1985,1985,1,1,1.0
Tricas,1985,1985,1,1,1.0
Castro-Romero,1986,1986,1,1,1.0
Hogans,1986,1986,1,1,1.0
Wolberg,1985,1985,1,1,1.0
Krishnamoorthi,1986,1986,1,1,1.0
Coblentz,1987,1987,1,1,1.0
Morillas,1987,1987,1,1,1.0
Mommsen,1987,1987,1,1,1.0
Bone,1988,1988,1,1,1.0
Butler,1988,1988,1,1,1.0
Gutiérrez,1988,1988,1,1,1.0
Lazarus,1988,1988,1,1,1.0
Lauginiger,1988,1988,1,1,1.0
Montgomery,1988,1988,1,1,1.0
Nixon,1988,1988,1,1,1.0
Ohshima,1988,1988,1,1,1.0
Rubec,1988,1988,1,1,1.0
Upton,1988,1988,1,1,1.0
Wolf,1988,1988,1,1,1.0
Berges,1989,1989,1,1,1.0
Deets,1989,1989,1,1,1.0
Donald,1989,1989,1,1,1.0
Kennedy,1989,1989,1,1,1.0
Moser,1989,1989,1,1,1.0
Muñoz-Chápuli,1989,1989,1,1,1.0
Probert,1989,1989,1,1,1.0
Plant,1989,1989,1,1,1.0
Baldwin,1990,1990,1,1,1.0
Berland,1990,1990,1,1,1.0
Ishihara,1990,1990,1,1,1.0
Measures,1990,1990,1,1,1.0
Margolis,1988,1988,1,1,1.0
Stoffregen,1990,1990,1,1,1.0
Thoney,1990,1990,1,1,1.0
Sprent,1990,1990,1,1,1.0
Vas,1990,1990,1,1,1.0
Winkler,1990,1990,1,1,1.0
Brittain,1991,1991,1,1,1.0
deJesusRoldan,1990,1990,1,1,1.0
Fahy,1991,1991,1,1,1.0
Kasim,1991,1991,1,1,1.0
Luque,1991,1991,1,1,1.0
Gayet,1991,1991,1,1,1.0
Richmond,1991,1991,1,1,1.0
Tanasichuk,1991,1991,1,1,1.0
Thrush,1991,1991,1,1,1.0
Waller,1991,1991,1,1,1.0
Blomqvist,1992,1992,1,1,1.0
Bristow,1992,1992,1,1,1.0
Carrassón,1992,1992,1,1,1.0
Casey,1992,1992,1,1,1.0
Miyake,1992,1992,1,1,1.0
Palzenberger,1992,1992,1,1,1.0
Pepperell,1992,1992,1,1,1.0
Randall,1992,1992,1,1,1.0
Rohde,1992,1992,1,1,1.0
Toth,1992,1992,1,1,1.0
VanDykhuizen,1992,1992,1,1,1.0
Balasubramanian,1993,1993,1,1,1.0
Crow,1993,1993,1,1,1.0
Bres,1993,1993,1,1,1.0
Dickson,1993,1993,1,1,1.0
Files,1993,1993,1,1,1.0
Morrissey,1993,1993,1,1,1.0
Alekseev,1994,1994,1,1,1.0
Nordell,1994,1994,1,1,1.0
Henson,1995,1995,1,1,1.0
Pedersen,1995,1995,1,1,1.0
Paulin,1995,1995,1,1,1.0
Waugh,1995,1995,1,1,1.0
AlKawari,1996,1996,1,1,1.0
Alexander,1996,1996,1,1,1.0
Barry,1996,1996,1,1,1.0
Keeling,1996,1996,1,1,1.0
Lovejoy,1996,1996,1,1,1.0
Yamamoto,1996,1996,1,1,1.0
Hove,1997,1997,1,1,1.0
Gruber,1997,1997,1,1,1.0
Mathew,1997,1997,1,1,1.0
Bridge,1998,1998,1,1,1.0
Ramm,1997,1997,1,1,1.0
Erzini,1998,1998,1,1,1.0
Economakis,1998,1998,1,1,1.0
Fishelson,1998,1998,1,1,1.0
Ferry-Graham,1998,1998,1,1,1.0
Rago,1998,1998,1,1,1.0
RodriguezCabello,1998,1998,1,1,1.0
Xiao,1998,1998,1,1,1.0
Correia,1999,1999,1,1,1.0
Bigelow,1999,1999,1,1,1.0
Didier,1999,1999,1,1,1.0
Dineley,1999,1999,1,1,1.0
Ferrara,2011,2011,1,1,1.0
Fitzpatrick,2011,2011,1,1,1.0
Fehlauer-Ale,2011,2011,1,1,1.0
Güven,2011,2011,1,1,1.0
Hansen,2011,2011,1,1,1.0
Gutteridge,2011,2011,1,1,1.0
Jiao,2011,2011,1,1,1.0
Kik,2011,2011,1,1,1.0
Karl,2011,2011,1,1,1.0
Main,2011,2011,1,1,1.0
Lyon,2011,2011,1,1,1.0
Maljkovic,2011,2011,1,1,1.0
Marigo,2011,2011,1,1,1.0
McHugh,2011,2011,1,1,1.0
Mcilwain,2011,2011,1,1,1.0
Moored,2011,2011,1,1,1.0
Mourato,2011,2011,1,1,1.0
Nazarian,2011,2011,1,1,1.0
Nance,2011,2011,1,1,1.0
Nomiyama,2011,2011,1,1,1.0
Noriega,2011,2011,1,1,1.0
Parra,2011,2011,1,1,1.0
Parson,2011,2011,1,1,1.0
Pankhurst,2011,2011,1,1,1.0
ODriscoll,2011,2011,1,1,1.0
Peng,2011,2011,1,1,1.0
Pethybridge,2011,2011,1,1,1.0
Poulin,2011,2011,1,1,1.0
Pasolini,2011,2011,1,1,1.0
Rodriguez,2011,2011,1,1,1.0
Silva-Junior,2011,2011,1,1,1.0
Sommerville,2011,2011,1,1,1.0
Syme,2011,2011,1,1,1.0
Vollenweider,2011,2011,1,1,1.0
Vélez-Zuazo,2011,2011,1,1,1.0
Wai,2011,2011,1,1,1.0
Whoriskey,2011,2011,1,1,1.0
Wiegand,2011,2011,1,1,1.0
Zschoche,2011,2011,1,1,1.0
Akmajian,2012,2012,1,1,1.0
Behan,2012,2012,1,1,1.0
Arkhipkin,2012,2012,1,1,1.0
Bromhead,2012,2012,1,1,1.0
Cerutti-Pereyra,2012,2012,1,1,1.0
Cicia,2012,2012,1,1,1.0
Cruz-Agüero,2012,2012,1,1,1.0
Collin,2012,2012,1,1,1.0
Bradaï,2012,2012,1,1,1.0
Dai,2012,2012,1,1,1.0
Condon,2012,2012,1,1,1.0
Delshad,2012,2012,1,1,1.0
Dimech,2012,2012,1,1,1.0
Forman,2012,2012,1,1,1.0
Friedlander,2012,2012,1,1,1.0
Hickey,2012,2012,1,1,1.0
Izawa,2012,2012,1,1,1.0
Kashiwagi,2012,2012,1,1,1.0
Jirik,2012,2012,1,1,1.0
Knip,2012,2012,1,1,1.0
Langlois,2012,2012,1,1,1.0
Leclerc,2012,2012,1,1,1.0
Lopez-Lopez,2012,2012,1,1,1.0
Malhotra,2012,2012,1,1,1.0
Maravelias,2012,2012,1,1,1.0
Marancik,2012,2012,1,1,1.0
Malpica-Cruz,2012,2012,1,1,1.0
Mccully,2012,2012,1,1,1.0
Mcclenachan,2012,2012,1,1,1.0
Methratta,2012,2012,1,1,1.0
Mizusawa,2012,2012,1,1,1.0
Oeffner,2012,2012,1,1,1.0
Pietsch,2012,2012,1,1,1.0
Purivirojkul,2012,2012,1,1,1.0
Rafferty,2012,2012,1,1,1.0
Raborn,2012,2012,1,1,1.0
Rytkönen,2012,2012,1,1,1.0
Rábago-Quiroz,2012,2012,1,1,1.0
Skomal,2012,2012,1,1,1.0
Silva Ellis Catchpole,2012,2012,1,1,1.0
Sosa-Nishizaki,2022,2022,1,1,1.0
Shadwick,2012,2012,1,1,1.0
SpeersRoesch,2012,2012,1,1,1.0
Takagi,2012,2012,1,1,1.0
Tiwari,2012,2012,1,1,1.0
Timm,2012,2012,1,1,1.0
Weir,2012,2012,1,1,1.0
Yamauchi,2012,2012,1,1,1.0
Alatorre-Ramirez,2013,2013,1,1,1.0
Andraka,2013,2013,1,1,1.0
Ba,2013,2013,1,1,1.0
Anadón,2013,2013,1,1,1.0
Barrera-García,2013,2013,1,1,1.0
Bellman,2013,2013,1,1,1.0
Bonner,2013,2013,1,1,1.0
Boomer,2013,2013,1,1,1.0
Best,2013,2013,1,1,1.0
Bosch,2013,2013,1,1,1.0
Buron,2013,2013,1,1,1.0
Camus,2013,2013,1,1,1.0
Brodziak,2013,2013,1,1,1.0
Caut,2013,2013,1,1,1.0
Crooks,2013,2013,1,1,1.0
Coll,2013,2013,1,1,1.0
Crespi-Abril,2013,2013,1,1,1.0
Crouch,2013,2013,1,1,1.0
Delgado,2013,2013,1,1,1.0
Dolce,2013,2013,1,1,1.0
Fontanella,2013,2013,1,1,1.0
Faria,2013,2013,1,1,1.0
Galván-Tirado,2013,2013,1,1,1.0
Habegger,2013,2013,1,1,1.0
Guisande,2013,2013,1,1,1.0
Hannan,2013,2013,1,1,1.0
Harford,2013,2013,1,1,1.0
Henry,2013,2013,1,1,1.0
Holt,2013,2013,1,1,1.0
Houk,2013,2013,1,1,1.0
Hilting,2013,2013,1,1,1.0
Gasper,2013,2013,1,1,1.0
Jeffreys,2013,2013,1,1,1.0
Ices,2013,2013,1,1,1.0
Jewell,2013,2013,1,1,1.0
Herman,2013,2013,1,1,1.0
Lebepe,2013,2013,1,1,1.0
Ligas,2013,2013,1,1,1.0
Zikmanis,2025,2025,1,1,1.0
Deangelis,2008,2008,1,1,1.0
Dewar,2008,2008,1,1,1.0
Fahle,2008,2008,1,1,1.0
Endo,2008,2008,1,1,1.0
Filer,2008,2008,1,1,1.0
Galindez,2008,2008,1,1,1.0
Frid,2008,2008,1,1,1.0
Grana,2008,2008,1,1,1.0
Kaimmer,2008,2008,1,1,1.0
Ciobanu,2008,2008,1,1,1.0
Lage,2008,2008,1,1,1.0
Leloup,2008,2008,1,1,1.0
Moranta,2008,2008,1,1,1.0
Paesch,2008,2008,1,1,1.0
Pondella,2008,2008,1,1,1.0
PulidoFlores,2008,2008,1,1,1.0
PérezJiménez,2008,2008,1,1,1.0
Pusineri,2008,2008,1,1,1.0
Ribeiro,2008,2008,1,1,1.0
Saïdi,2008,2008,1,1,1.0
Schultz,2008,2008,1,1,1.0
Semeniuk,2008,2008,1,1,1.0
Tsutsui,2008,2008,1,1,1.0
Vaslet,2008,2008,1,1,1.0
Vonk,2008,2008,1,1,1.0
Yeiser,2008,2008,1,1,1.0
Ahonen,2009,2009,1,1,1.0
Aranha,2009,2009,1,1,1.0
Auster,2009,2009,1,1,1.0
Zidowitz,2008,2008,1,1,1.0
Aires-Da-Silva,2009,2009,1,1,1.0
Binohlan,2009,2009,1,1,1.0
Blaber,2009,2009,1,1,1.0
Coetzee,2009,2009,1,1,1.0
Davies,2009,2009,1,1,1.0
Dragicevic,2009,2009,1,1,1.0
Fanelli,2009,2009,1,1,1.0
Dolgov,2009,2009,1,1,1.0
Gertseva,2009,2009,1,1,1.0
George,2009,2009,1,1,1.0
Humphries,2009,2009,1,1,1.0
Holmes,2009,2009,1,1,1.0
Kakumura,2009,2009,1,1,1.0
JoseJuanJorda,2009,2009,1,1,1.0
Katsanevakis,2009,2009,1,1,1.0
Kriwet,2009,2009,1,1,1.0
Lacerda,2009,2009,1,1,1.0
Lundsten,2009,2009,1,1,1.0
McCord,2009,2009,1,1,1.0
Mathews,2009,2009,1,1,1.0
Mcpherson,2009,2009,1,1,1.0
Mulvey,2009,2009,1,1,1.0
Nasby-Lucas,2009,2009,1,1,1.0
Pade,2009,2009,1,1,1.0
Petersen,2009,2009,1,1,1.0
Petrie,2009,2009,1,1,1.0
Reeve,2009,2009,1,1,1.0
Rigg,2009,2009,1,1,1.0
Preciado,2009,2009,1,1,1.0
Revill,2009,2009,1,1,1.0
Reardon,2009,2009,1,1,1.0
Romine,2009,2009,1,1,1.0
Schwingel,2009,2009,1,1,1.0
Thorpe,2009,2009,1,1,1.0
Ubeda,2009,2009,1,1,1.0
VélezMarín,2009,2009,1,1,1.0
Vega,2009,2009,1,1,1.0
Xylander,2009,2009,1,1,1.0
Yigin,2009,2009,1,1,1.0
Acuña,2010,2010,1,1,1.0
Baum,2010,2010,1,1,1.0
Belcher,2010,2010,1,1,1.0
Boeck,2010,2010,1,1,1.0
Benjamins,2010,2010,1,1,1.0
Broad,2010,2010,1,1,1.0
Cabrera-Chávez-Costa,2010,2010,1,1,1.0
Cione,2010,2010,1,1,1.0
Consalvo,2010,2010,1,1,1.0
Conrath,2010,2010,1,1,1.0
Dallas,2010,2010,1,1,1.0
Follesa,2010,2010,1,1,1.0
Craig,2010,2010,1,1,1.0
Godin,2010,2010,1,1,1.0
Heberer,2010,2010,1,1,1.0
Hernandez-Orts,2010,2010,1,1,1.0
González,2010,2010,1,1,1.0
Heymans,2010,2010,1,1,1.0
Inoue,2010,2010,1,1,1.0
Janse,2010,2010,1,1,1.0
Kuba,2010,2010,1,1,1.0
López-Cruz,2010,2010,1,1,1.0
MacDonald,2010,2010,1,1,1.0
Navia,2010,2010,1,1,1.0
Reiss,2010,2010,1,1,1.0
Rijn,2010,2010,1,1,1.0
Rodríguez,2010,2010,1,1,1.0
Ron,2010,2010,1,1,1.0
Shin,2010,2010,1,1,1.0
Soto,2010,2010,1,1,1.0
Strid,2010,2010,1,1,1.0
Strona,2010,2010,1,1,1.0
Todd,2010,2010,1,1,1.0
Speers-Roesch,2010,2010,1,1,1.0
Vignon,2010,2010,1,1,1.0
Wiley,2010,2010,1,1,1.0
Abascal,2011,2011,1,1,1.0
Alarcón,2011,2011,1,1,1.0
Attwood,2011,2011,1,1,1.0
Baeck,2011,2011,1,1,1.0
Benavides,2011,2011,1,1,1.0
Block,2011,2011,1,1,1.0
Burger,2011,2011,1,1,1.0
Carruthers,2011,2011,1,1,1.0
Cederlund,2011,2011,1,1,1.0
Chosid,2011,2011,1,1,1.0
Cuevas-Zimbrón,2011,2011,1,1,1.0
Desjardins,2011,2011,1,1,1.0
DiSanto,2011,2011,1,1,1.0
Domingos,2011,2011,1,1,1.0
Dröge,2011,2011,1,1,1.0
Enzor,2011,2011,1,1,1.0
Ackerman,2000,2000,1,1,1.0
Agnew,2000,2000,1,1,1.0
Matern,2000,2000,1,1,1.0
Mollaret,2000,2000,1,1,1.0
Norman,2000,2000,1,1,1.0
Sanmartín,2000,2000,1,1,1.0
Richardson,2000,2000,1,1,1.0
Scharf,2000,2000,1,1,1.0
Steyer,2000,2000,1,1,1.0
Wetherbee,2000,2000,1,1,1.0
Aguilera,2001,2001,1,1,1.0
Avsar,2001,2001,1,1,1.0
Damin,2001,2001,1,1,1.0
Etchegoin,2001,2001,1,1,1.0
Haine,2001,2001,1,1,1.0
Kamble,2001,2001,1,1,1.0
Jovelin,2001,2001,1,1,1.0
Jackson,2001,2001,1,1,1.0
Stingo,2001,2001,1,1,1.0
Voegeli,2001,2001,1,1,1.0
Alonso,2002,2002,1,1,1.0
Ando,2002,2002,1,1,1.0
Bush,2002,2002,1,1,1.0
Clewley,2002,2002,1,1,1.0
Dyer,2002,2002,1,1,1.0
Hamlett,2002,2002,1,1,1.0
Hammond,2002,2002,1,1,1.0
Bilecenoğlu,2002,2002,1,1,1.0
Kitchell,2002,2002,1,1,1.0
Pinho,2002,2002,1,1,1.0
Routley,2002,2002,1,1,1.0
Vasileva,2002,2002,1,1,1.0
Baranes,2003,2003,1,1,1.0
Costantini,2003,2003,1,1,1.0
Estrada,2003,2003,1,1,1.0
Grosell,2003,2003,1,1,1.0
Jayasinghe,2003,2003,1,1,1.0
Klimpel,2003,2003,1,1,1.0
Masuda,2003,2003,1,1,1.0
Miklos,2003,2003,1,1,1.0
Moeller,2003,2003,1,1,1.0
Ricchiari,2003,2003,1,1,1.0
Rechisky,2003,2003,1,1,1.0
Robb,2003,2003,1,1,1.0
Serrano,2003,2003,1,1,1.0
Stekhoven,2003,2003,1,1,1.0
Devaraj,2004,2004,1,1,1.0
Gurshin,2004,2004,1,1,1.0
Hueter,2004,2004,1,1,1.0
Kamura,2004,2004,1,1,1.0
Wilkie,2004,2004,1,1,1.0
Winchell,2004,2004,1,1,1.0
Andjus,2005,2005,1,1,1.0
Wiese,2004,2004,1,1,1.0
Smit,2004,2004,1,1,1.0
Cedrola,2005,2005,1,1,1.0
Fowler,2005,2005,1,1,1.0
Edrén,2005,2005,1,1,1.0
Gómes,2005,2005,1,1,1.0
LinghamSoliar,2005,2005,1,1,1.0
McComb,2005,2005,1,1,1.0
Lingham-Soliar,2005,2005,1,1,1.0
Mckiernan,2005,2005,1,1,1.0
Mordvintsev,2005,2005,1,1,1.0
Pulido-Flores,2005,2005,1,1,1.0
Pawson,2005,2005,1,1,1.0
Shivji,2005,2005,1,1,1.0
Serét,2005,2005,1,1,1.0
Siversson,2005,2005,1,1,1.0
Steele,2005,2005,1,1,1.0
Alarcos,2006,2006,1,1,1.0
Alvarez,2006,2006,1,1,1.0
Ardizzone,2006,2006,1,1,1.0
Casper,2006,2006,1,1,1.0
Cho,2006,2006,1,1,1.0
Debru,2006,2006,1,1,1.0
Fordham,2006,2006,1,1,1.0
Gallucci,2006,2006,1,1,1.0
Garvey,2006,2006,1,1,1.0
Gemballa,2006,2006,1,1,1.0
Hoelzel,2006,2006,1,1,1.0
Huber,2006,2006,1,1,1.0
Hyodo,2006,2006,1,1,1.0
Neer,2006,2006,1,1,1.0
Neiva,2006,2006,1,1,1.0
Stow,2006,2006,1,1,1.0
Shepard,2006,2006,1,1,1.0
Tanzola,2006,2006,1,1,1.0
Morey,2006,2006,1,1,1.0
Wallman,2006,2006,1,1,1.0
Yeld,2006,2006,1,1,1.0
AiresDaSilva,2007,2007,1,1,1.0
Cavalcanti,2007,2007,1,1,1.0
CastilloGéniz,2007,2007,1,1,1.0
Chevolot,2007,2007,1,1,1.0
Cavanagh,2007,2007,1,1,1.0
Soldo,2006,2006,1,1,1.0
Enghoff,2007,2007,1,1,1.0
García,2007,2007,1,1,1.0
Furiness,2007,2007,1,1,1.0
Ho,2007,2007,1,1,1.0
Keeney,2007,2007,1,1,1.0
Kawakoshi,2007,2007,1,1,1.0
Licandeo,2007,2007,1,1,1.0
Miquel,2007,2007,1,1,1.0
Minami,2007,2007,1,1,1.0
Nelson,2007,2007,1,1,1.0
Okey,2007,2007,1,1,1.0
Oddone,2007,2007,1,1,1.0
Quilichini,2007,2007,1,1,1.0
Quirós,2007,2007,1,1,1.0
Pradervand,2007,2007,1,1,1.0
Ramírez-Macías,2007,2007,1,1,1.0
Rocco,2007,2007,1,1,1.0
Rinewalt,2007,2007,1,1,1.0
Ramsay,2007,2007,1,1,1.0
Teh,2007,2007,1,1,1.0
Wirsing,2007,2007,1,1,1.0
Aburto,2008,2008,1,1,1.0
Naderi,2013,2013,1,1,1.0
Nieto-Navarro,2013,2013,1,1,1.0
Nye,2013,2013,1,1,1.0
O'Malley,2013,2013,1,1,1.0
Orélis-Ribeiro,2013,2013,1,1,1.0
Paig-Tran,2013,2013,1,1,1.0
Patella,2013,2013,1,1,1.0
MundyTaylor,2013,2013,1,1,1.0
Pinheiro,2013,2013,1,1,1.0
Opluštil,2013,2013,1,1,1.0
Port,2013,2013,1,1,1.0
Quetglas,2013,2013,1,1,1.0
Rocha,2013,2013,1,1,1.0
Quattro,2013,2013,1,1,1.0
Rodrigues,2013,2013,1,1,1.0
Romanov,2013,2013,1,1,1.0
Segura,2013,2013,1,1,1.0
Savina,2013,2013,1,1,1.0
Schwarze,2013,2013,1,1,1.0
Shelton,2013,2013,1,1,1.0
Tecchio,2013,2013,1,1,1.0
Thonhauser,2013,2013,1,1,1.0
Tilley,2013,2013,1,1,1.0
Tserpes,2013,2013,1,1,1.0
Vélez-Alavez,2013,2013,1,1,1.0
Worm,2013,2013,1,1,1.0
Zare,2013,2013,1,1,1.0
Xydes,2013,2013,1,1,1.0
Abbott,2014,2014,1,1,1.0
deLaRosaMeza,2013,2013,1,1,1.0
Ainsley,2014,2014,1,1,1.0
Alam,2014,2014,1,1,1.0
AlShajibi,2014,2014,1,1,1.0
Bade,2014,2014,1,1,1.0
Barbieri,2014,2014,1,1,1.0
Barausse,2014,2014,1,1,1.0
Bassos-Hull,2014,2014,1,1,1.0
Bedore,2014,2014,1,1,1.0
Angulo,2014,2014,1,1,1.0
Bogorodsky,2014,2014,1,1,1.0
Britten,2014,2014,1,1,1.0
Bulguroğlu,2014,2014,1,1,1.0
Capietto,2014,2014,1,1,1.0
Castillo-Páez,2014,2014,1,1,1.0
Chiquillo,2014,2014,1,1,1.0
Deval,2014,2014,1,1,1.0
Ceccarelli,2014,2014,1,1,1.0
Edelist,2014,2014,1,1,1.0
Ekstrom,2014,2014,1,1,1.0
Fock,2014,2014,1,1,1.0
Fukata,2014,2014,1,1,1.0
Franklin,2014,2014,1,1,1.0
Gadig,2014,2014,1,1,1.0
Frazier,2014,2014,1,1,1.0
Guffey,2014,2014,1,1,1.0
Giles,2014,2014,1,1,1.0
Hadfield,2014,2014,1,1,1.0
Grogan,2014,2014,1,1,1.0
Hoen,2014,2014,1,1,1.0
JaimeRivera,2014,2014,1,1,1.0
Jaine,2014,2014,1,1,1.0
Jonge,2014,2014,1,1,1.0
Kaplan,2014,2014,1,1,1.0
Kimber,2014,2014,1,1,1.0
Kalinoski,2014,2014,1,1,1.0
Klages,2014,2014,1,1,1.0
Kurashima,2014,2014,1,1,1.0
Lacroix,2014,2014,1,1,1.0
Leung,2014,2014,1,1,1.0
Laskowski,2014,2014,1,1,1.0
Litz,2014,2014,1,1,1.0
Louterbach,2014,2014,1,1,1.0
Lyapin,2014,2014,1,1,1.0
Myrick,2014,2014,1,1,1.0
Ogut,2014,2014,1,1,1.0
Passantino,2014,2014,1,1,1.0
Peklova,2014,2014,1,1,1.0
Saayman,2014,2014,1,1,1.0
Saygu,2014,2014,1,1,1.0
Santana-Garcon,2014,2014,1,1,1.0
Sen,2014,2014,1,1,1.0
Sobral,2014,2014,1,1,1.0
Sorenson,2014,2014,1,1,1.0
Tao,2014,2014,1,1,1.0
Szczepanski,2014,2014,1,1,1.0
Takeuchi,2014,2014,1,1,1.0
Velez-Zuazo,2014,2014,1,1,1.0
Waters,2014,2014,1,1,1.0
Weaver,2014,2014,1,1,1.0
Venkatesh,2014,2014,1,1,1.0
Ashe,2015,2015,1,1,1.0
Bello,2015,2015,1,1,1.0
Bemis,2015,2015,1,1,1.0
Bitalo,2015,2015,1,1,1.0
Australien,2015,2015,1,1,1.0
Bennema,2015,2015,1,1,1.0
Boschetti,2015,2015,1,1,1.0
Cardinale,2015,2015,1,1,1.0
Cavallaro,2015,2015,1,1,1.0
Chabot,2015,2015,1,1,1.0
Cagua,2015,2015,1,1,1.0
Churchill,2015,2015,1,1,1.0
Comfort,2015,2015,1,1,1.0
Cornejo,2015,2015,1,1,1.0
Crec'hriou,2015,2015,1,1,1.0
Cramp,2015,2015,1,1,1.0
Delorenzo,2015,2015,1,1,1.0
Cárdenas-Palomo,2015,2015,1,1,1.0
Donnellan,2015,2015,1,1,1.0
Dureuil,2015,2015,1,1,1.0
Díez,2015,2015,1,1,1.0
Elias,2015,2015,1,1,1.0
Escatel-Luna,2015,2015,1,1,1.0
Favaro,2015,2015,1,1,1.0
Dent,2015,2015,1,1,1.0
Cosandey-Godin,2015,2015,1,1,1.0
Frédou,2015,2015,1,1,1.0
Garcia,2015,2015,1,1,1.0
Garza-Gisholt,2015,2015,1,1,1.0
García-Ruiz,2015,2015,1,1,1.0
Giresi,2015,2015,1,1,1.0
Girondot,2015,2015,1,1,1.0
González-Solís,2015,2015,1,1,1.0
Gledhill,2015,2015,1,1,1.0
Givens,2015,2015,1,1,1.0
Gatts,2015,2015,1,1,1.0
Gulak,2015,2015,1,1,1.0
Harris,2015,2015,1,1,1.0
Harter,2015,2015,1,1,1.0
Hoogenboom,2015,2015,1,1,1.0
Iitembu,2015,2015,1,1,1.0
Jaiteha,2015,2015,1,1,1.0
Isbert,2015,2015,1,1,1.0
Jhaveri,2015,2015,1,1,1.0
Juan,2015,2015,1,1,1.0
Lambrides,2015,2015,1,1,1.0
Leurs,2015,2015,1,1,1.0
Marcela,2015,2015,1,1,1.0
Mccagh,2015,2015,1,1,1.0
Mclean,2015,2015,1,1,1.0
Mokumo,2015,2015,1,1,1.0
Monks,2015,2015,1,1,1.0
Mcclain,2015,2015,1,1,1.0
Nitta,2015,2015,1,1,1.0
O'Leary,2015,2015,1,1,1.0
Opazo,2015,2015,1,1,1.0
Orlando,2015,2015,1,1,1.0
Panchenko,2015,2015,1,1,1.0
OzyLmaz,2015,2015,1,1,1.0
Pleizier,2015,2015,1,1,1.0
Pitman,2015,2015,1,1,1.0
Polyakova,2015,2015,1,1,1.0
Quintanilla,2015,2015,1,1,1.0
PotvinLeduc,2015,2015,1,1,1.0
Poortvliet,2015,2015,1,1,1.0
Roberson,2015,2015,1,1,1.0
Rochowski,2015,2015,1,1,1.0
Schiller,2015,2015,1,1,1.0
Ross,2015,2015,1,1,1.0
Schleimer,2015,2015,1,1,1.0
Sellas,2015,2015,1,1,1.0
Staig,2015,2015,1,1,1.0
Sánchez-Farías,2015,2015,1,1,1.0
Söderblom,2015,2015,1,1,1.0
Vyver,2015,2015,1,1,1.0
Vos,2015,2015,1,1,1.0
Vosa,2015,2015,1,1,1.0
Vásquez,2015,2015,1,1,1.0
Walovich,2015,2015,1,1,1.0
Utevsky,2015,2015,1,1,1.0
Timokhina,2015,2015,1,1,1.0
Weeks,2015,2015,1,1,1.0
Weijs,2015,2015,1,1,1.0
Willems,2015,2015,1,1,1.0
Wootton,2015,2015,1,1,1.0
Adkins,2016,2016,1,1,1.0
Andreotti,2016,2016,1,1,1.0
Apps,2016,2016,1,1,1.0
Austin,2016,2016,1,1,1.0
Armansin,2016,2016,1,1,1.0
Bowden,2016,2016,1,1,1.0
Bonello,2016,2016,1,1,1.0
Bernvi,2016,2016,1,1,1.0
Byron,2016,2016,1,1,1.0
Winter,2015,2015,1,1,1.0
Brill,2016,2016,1,1,1.0
Catarino,2016,2016,1,1,1.0
Choukami,2016,2016,1,1,1.0
Croll,2016,2016,1,1,1.0
Corral,2016,2016,1,1,1.0
Christiansen,2016,2016,1,1,1.0
Dehart,2016,2016,1,1,1.0
Duckett,2016,2016,1,1,1.0
Domingo,2016,2016,1,1,1.0
Dillingham,2016,2016,1,1,1.0
Díaz-Jaimes,2016,2016,1,1,1.0
Escobar-Sánchez,2016,2016,1,1,1.0
Fallows,2016,2016,1,1,1.0
Emami-Khoyi,2016,2016,1,1,1.0
Findlay,2016,2016,1,1,1.0
Gaitán-Espitia,2016,2016,1,1,1.0
Fuentes,2016,2016,1,1,1.0
Galván,2016,2016,1,1,1.0
Geraghty,2016,2016,1,1,1.0
Giglio,2016,2016,1,1,1.0
Fortibuoni,2016,2016,1,1,1.0
Frisch,2016,2016,1,1,1.0
Gracan,2016,2016,1,1,1.0
Grubbs,2016,2016,1,1,1.0
Hasegawa,2016,2016,1,1,1.0
Hernández-Aguilar,2016,2016,1,1,1.0
Hinojosa-Alvarez,2016,2016,1,1,1.0
Huang,2016,2016,1,1,1.0
Hiraoka,2016,2016,1,1,1.0
Irigoyen,2016,2016,1,1,1.0
Knight,2016,2016,1,1,1.0
Koontz,2016,2016,1,1,1.0
Jost,2016,2016,1,1,1.0
Klippel,2016,2016,1,1,1.0
Lighten,2016,2016,1,1,1.0
Mackenzie,2016,2016,1,1,1.0
Magro,2016,2016,1,1,1.0
Manjaji-Matsumoto,2016,2016,1,1,1.0
Lydersen,2016,2016,1,1,1.0
Mendez,2016,2016,1,1,1.0
Mcneil,2016,2016,1,1,1.0
Meneses,2016,2016,1,1,1.0
Mesa,2016,2016,1,1,1.0
Morris,2016,2016,1,1,1.0
Mutti,2016,2016,1,1,1.0
Morash,2016,2016,1,1,1.0
Ozyilmaz,2016,2016,1,1,1.0
Pickard,2016,2016,1,1,1.0
Pires,2016,2016,1,1,1.0
Pinto,2016,2016,1,1,1.0
Press,2016,2016,1,1,1.0
Puerta,2016,2016,1,1,1.0
Qvarnström,2016,2016,1,1,1.0
ReisFilho,2016,2016,1,1,1.0
Reyda,2016,2016,1,1,1.0
Rosas-Luis,2016,2016,1,1,1.0
Saadaoui,2016,2016,1,1,1.0
Runcie,2016,2016,1,1,1.0
Sandoval-Herrera,2016,2016,1,1,1.0
Sguotti,2016,2016,1,1,1.0
Stewart,2016,2016,1,1,1.0
Terrazas-López,2016,2016,1,1,1.0
Szabó,2016,2016,1,1,1.0
Towner,2016,2016,1,1,1.0
Tunnah,2016,2016,1,1,1.0
Wysiecki,2016,2016,1,1,1.0
Yates,2016,2016,1,1,1.0
Abdellaoui,2017,2017,1,1,1.0
d'Onghia,2016,2016,1,1,1.0
Acuña-Marrero,2017,2017,1,1,1.0
Ambarish,2017,2017,1,1,1.0
Alomar,2017,2017,1,1,1.0
Alfaro-Cordova,2017,2017,1,1,1.0
Amariles,2017,2017,1,1,1.0
Aucoin,2017,2017,1,1,1.0
Bakker,2017,2017,1,1,1.0
Augustine,2017,2017,1,1,1.0
Benavides-Morera,2017,2017,1,1,1.0
Barkley,2017,2017,1,1,1.0
Bergman,2017,2017,1,1,1.0
Biais,2017,2017,1,1,1.0
Bruňanská,2017,2017,1,1,1.0
Bradley,2017,2017,1,1,1.0
Bueno,2017,2017,1,1,1.0
Chierichetti,2017,2017,1,1,1.0
Coates,2017,2017,1,1,1.0
Chabain,2017,2017,1,1,1.0
Colla,2017,2017,1,1,1.0
Colloca,2017,2017,1,1,1.0
Criswell,2017,2017,1,1,1.0
Crossin,2017,2017,1,1,1.0
Easton,2017,2017,1,1,1.0
Feldheim,2017,2017,1,1,1.0
Flores-Martínez,2017,2017,1,1,1.0
DominguezSanchez,2023,2023,1,1,1.0
Ebersole,2023,2023,1,1,1.0
Eustache,2023,2023,1,1,1.0
Ferragut-Perello,2023,2023,1,1,1.0
Enríquez-García,2023,2023,1,1,1.0
Germon,2023,2023,1,1,1.0
Garzon,2023,2023,1,1,1.0
Hasenei,2023,2023,1,1,1.0
Gaigher,2023,2023,1,1,1.0
Heidrich,2023,2023,1,1,1.0
Iliou,2023,2023,1,1,1.0
Hoschke,2023,2023,1,1,1.0
Hirschfeld,2023,2023,1,1,1.0
Jia,2023,2023,1,1,1.0
Kelaher,2023,2023,1,1,1.0
Kanno,2023,2023,1,1,1.0
Jambura,2023,2023,1,1,1.0
Jerikho,2023,2023,1,1,1.0
Koerber,2023,2023,1,1,1.0
Krak,2023,2023,1,1,1.0
Kottillil,2023,2023,1,1,1.0
Kilmury,2023,2023,1,1,1.0
Loh,2023,2023,1,1,1.0
Lubitz,2023,2023,1,1,1.0
Mancusi,2023,2023,1,1,1.0
Mititelu,2023,2023,1,1,1.0
Lucas,2023,2023,1,1,1.0
Munoz,2023,2023,1,1,1.0
Neves,2023,2023,1,1,1.0
Marletaz,2023,2023,1,1,1.0
OConnell,2023,2023,1,1,1.0
Noranarttragoon,2023,2023,1,1,1.0
Nomura,2023,2023,1,1,1.0
Papadopoulo,2023,2023,1,1,1.0
Osorio,2023,2023,1,1,1.0
Pan,2023,2023,1,1,1.0
Palacios,2023,2023,1,1,1.0
Peele,2023,2023,1,1,1.0
PeixotoRodrigues,2023,2023,1,1,1.0
RodriguezGarcia,2023,2023,1,1,1.0
RuizGarcia,2023,2023,1,1,1.0
Santander,2023,2023,1,1,1.0
Schiott,2023,2023,1,1,1.0
Saraiva,2023,2023,1,1,1.0
Silambarasan,2023,2023,1,1,1.0
SendellPrice,2023,2023,1,1,1.0
Serrat,2023,2023,1,1,1.0
Truax,2023,2023,1,1,1.0
Tserkova,2023,2023,1,1,1.0
VanStaden,2023,2023,1,1,1.0
Villafana,2023,2023,1,1,1.0
Wester,2023,2023,1,1,1.0
Zambrano,2023,2023,1,1,1.0
Yun,2023,2023,1,1,1.0
Yogi,2023,2023,1,1,1.0
Ahmed,2024,2024,1,1,1.0
Aitchison,2024,2024,1,1,1.0
Azrieli,2024,2024,1,1,1.0
Arnoldi,2024,2024,1,1,1.0
BarragánBarrera,2024,2024,1,1,1.0
Barucci,2024,2024,1,1,1.0
Batista,2024,2024,1,1,1.0
Battiata,2024,2024,1,1,1.0
Bravo,2024,2024,1,1,1.0
Bronson,2024,2024,1,1,1.0
Caracausi,2024,2024,1,1,1.0
Buschmann,2024,2024,1,1,1.0
Cerqueira,2024,2024,1,1,1.0
Cook,2024,2024,1,1,1.0
Cicimurri,2024,2024,1,1,1.0
Coulon,2024,2024,1,1,1.0
DAlberto,2024,2024,1,1,1.0
Dallarés,2024,2024,1,1,1.0
Daban,2024,2024,1,1,1.0
DiTommaso,2024,2024,1,1,1.0
Elzerman,2024,2024,1,1,1.0
Dehghani,2024,2024,1,1,1.0
Constance,2024,2024,1,1,1.0
Deeken,2024,2024,1,1,1.0
Facal,2024,2024,1,1,1.0
Fadool,2024,2024,1,1,1.0
Exeter,2024,2024,1,1,1.0
FerragutPerello,2024,2024,1,1,1.0
Figueroa,2024,2024,1,1,1.0
Gauna,2024,2024,1,1,1.0
FernándezCorredor,2024,2024,1,1,1.0
Gallimore,2024,2024,1,1,1.0
Galloway,2024,2024,1,1,1.0
GarcíaRuiz,2024,2024,1,1,1.0
GonçalvesNeto,2024,2024,1,1,1.0
Gonzalez,2024,2024,1,1,1.0
GonzalezPestana,2024,2024,1,1,1.0
Hanna,2024,2024,1,1,1.0
Hicks,2024,2024,1,1,1.0
Hodnett,2024,2024,1,1,1.0
Holst,2024,2024,1,1,1.0
Hunt,2024,2024,1,1,1.0
Insacco,2024,2024,1,1,1.0
JuradoRuzafa,2024,2024,1,1,1.0
Höltke,2024,2024,1,1,1.0
Jung,2024,2024,1,1,1.0
Inokuchi,2024,2024,1,1,1.0
Ingelbrecht,2024,2024,1,1,1.0
Ko,2024,2024,1,1,1.0
Knaub,2024,2024,1,1,1.0
Kamal,2024,2024,1,1,1.0
Kadler,2024,2024,1,1,1.0
Kuletz,2024,2024,1,1,1.0
LiVeli,2024,2024,1,1,1.0
Malthaner,2024,2024,1,1,1.0
Marquez,2024,2024,1,1,1.0
McDevitt-Irwin,2024,2024,1,1,1.0
Maiello,2024,2024,1,1,1.0
Montemagno,2024,2024,1,1,1.0
MorónElorza,2024,2024,1,1,1.0
Nilsaz,2024,2024,1,1,1.0
McFarland,2024,2024,1,1,1.0
MuñozBaquero,2024,2024,1,1,1.0
NisaCastroNeto,2024,2024,1,1,1.0
Nauta,2024,2024,1,1,1.0
Pagniello,2024,2024,1,1,1.0
Priester,2024,2024,1,1,1.0
Price,2024,2024,1,1,1.0
PáezRosas,2024,2024,1,1,1.0
Peel,2024,2024,1,1,1.0
Royer,2024,2024,1,1,1.0
Rex,2024,2024,1,1,1.0
RodríguezGarcía,2024,2024,1,1,1.0
Schwanck,2024,2024,1,1,1.0
Schilling,2024,2024,1,1,1.0
Pytka,2024,2024,1,1,1.0
Santillán,2024,2024,1,1,1.0
Vallim,2024,2024,1,1,1.0
Ulman,2024,2024,1,1,1.0
Wagner,2024,2024,1,1,1.0
Ye,2024,2024,1,1,1.0
TorralbaSáez,2024,2024,1,1,1.0
Yuan,2024,2024,1,1,1.0
Zilliacus,2024,2024,1,1,1.0
Çevik,2024,2024,1,1,1.0
AbdElhameed,2025,2025,1,1,1.0
Allegue,2025,2025,1,1,1.0
AlfonsoGonzález,2025,2025,1,1,1.0
Atkins,2025,2025,1,1,1.0
Bach,2025,2025,1,1,1.0
Barbato,2025,2025,1,1,1.0
Banks,2025,2025,1,1,1.0
Bowers,2025,2025,1,1,1.0
Bignell,2025,2025,1,1,1.0
CalleMorán,2025,2025,1,1,1.0
Carbajal,2025,2025,1,1,1.0
CabebeBarnuevo,2025,2025,1,1,1.0
Bracken,2025,2025,1,1,1.0
Barrowclift,2025,2025,1,1,1.0
CastellanoGonzález,2025,2025,1,1,1.0
CañizaresCooz,2025,2025,1,1,1.0
CentenoChaves,2025,2025,1,1,1.0
Cömert,2025,2025,1,1,1.0
DeVries,2025,2025,1,1,1.0
Ferone,2025,2025,1,1,1.0
DeSantis,2025,2025,1,1,1.0
Garofalo,2025,2025,1,1,1.0
Gladston,2025,2025,1,1,1.0
Gope,2025,2025,1,1,1.0
DeWysiecki,2025,2025,1,1,1.0
Indurain,2025,2025,1,1,1.0
Hendon,2025,2025,1,1,1.0
Kanna,2025,2025,1,1,1.0
Kita,2025,2025,1,1,1.0
Hampton,2025,2025,1,1,1.0
Janusonis,2025,2025,1,1,1.0
Laurioux,2024,2024,1,1,1.0
Kreuter,2025,2025,1,1,1.0
LezamaOchoa,2025,2025,1,1,1.0
Lourie,2025,2025,1,1,1.0
Kuntz,2025,2025,1,1,1.0
Mercker,2025,2025,1,1,1.0
MoralesSerna,2025,2025,1,1,1.0
Paiz,2025,2025,1,1,1.0
Matley,2025,2025,1,1,1.0
OBrien,2025,2025,1,1,1.0
Meyers,2025,2025,1,1,1.0
Panunzi,2024,2024,1,1,1.0
Remya,2025,2025,1,1,1.0
Rechimont,2025,2025,1,1,1.0
Perisic,2025,2025,1,1,1.0
Pinti,2025,2025,1,1,1.0
Reyier,2025,2025,1,1,1.0
Ryburn,2025,2025,1,1,1.0
Pogoreutz,2025,2025,1,1,1.0
Schiønning,2025,2025,1,1,1.0
RojasPerea,2025,2025,1,1,1.0
Suryaningtyas,2025,2025,1,1,1.0
Shimada,2025,2025,1,1,1.0
Solon,2025,2025,1,1,1.0
WalkerMilne,2025,2025,1,1,1.0
ZeaDeLaCruz,2025,2025,1,1,1.0
Yoo,2025,2025,1,1,1.0
Wright,2025,2025,1,1,1.0
Vida,2025,2025,1,1,1.0
ZeadelaCruz,2025,2025,1,1,1.0
diSciara,2025,2025,1,1,1.0
Steeves,2018,2018,1,1,1.0
Tiralongo,2018,2018,1,1,1.0
Stein,2018,2018,1,1,1.0
Tomita,2018,2018,1,1,1.0
Valenzuela-Quiñonez,2018,2018,1,1,1.0
Tsagarakis,2018,2018,1,1,1.0
Violi,2018,2018,1,1,1.0
Violante-Gonzalez,2018,2018,1,1,1.0
Wehitt,2018,2018,1,1,1.0
Westlake,2018,2018,1,1,1.0
Wells,2018,2018,1,1,1.0
Wieczorek,2018,2018,1,1,1.0
Witts,2018,2018,1,1,1.0
Yemışken,2018,2018,1,1,1.0
Yilmaz,2018,2018,1,1,1.0
Whiteman,2018,2018,1,1,1.0
deLaCruzAguero,2018,2018,1,1,1.0
Abdelhedi,2019,2019,1,1,1.0
Albert,2019,2019,1,1,1.0
Alms,2019,2019,1,1,1.0
Axworthy,2019,2019,1,1,1.0
Badhon,2019,2019,1,1,1.0
Ajeeshkumar,2019,2019,1,1,1.0
Bada-Sánchez,2019,2019,1,1,1.0
Banerjee,2019,2019,1,1,1.0
Beer,2019,2019,1,1,1.0
Benmeslem,2019,2019,1,1,1.0
Blanco,2019,2019,1,1,1.0
Bessey,2019,2019,1,1,1.0
Boissin,2019,2019,1,1,1.0
Bolano-Martinez,2019,2019,1,1,1.0
Brame,2019,2019,1,1,1.0
Cardenosa,2019,2019,1,1,1.0
Carmo,2019,2019,1,1,1.0
Celma,2019,2019,1,1,1.0
Cashion,2019,2019,1,1,1.0
Carrasson,2019,2019,1,1,1.0
Chapuis,2019,2019,1,1,1.0
Currie,2019,2019,1,1,1.0
Darvishi,2019,2019,1,1,1.0
Day,2019,2019,1,1,1.0
Derouiche,2019,2019,1,1,1.0
Crampton,2019,2019,1,1,1.0
Delser,2019,2019,1,1,1.0
Devaux,2019,2019,1,1,1.0
Condamine,2019,2019,1,1,1.0
Dimens,2019,2019,1,1,1.0
Downing,2019,2019,1,1,1.0
Dzyuba,2019,2019,1,1,1.0
Dziergwa,2019,2019,1,1,1.0
Fauconnet,2019,2019,1,1,1.0
Felix-Lopez,2019,2019,1,1,1.0
Francois,2019,2019,1,1,1.0
Ferrette,2019,2019,1,1,1.0
Guallart,2019,2019,1,1,1.0
Fernando,2019,2019,1,1,1.0
Hedrick,2019,2019,1,1,1.0
Hook,2019,2019,1,1,1.0
Hosegood,2019,2019,1,1,1.0
Hull,2019,2019,1,1,1.0
Jakobsdottir,2019,2019,1,1,1.0
Jew,2019,2019,1,1,1.0
JustePoinapen,2019,2019,1,1,1.0
Junge,2019,2019,1,1,1.0
Kuhnz,2019,2019,1,1,1.0
Lauriano,2019,2019,1,1,1.0
Laurrabaquio-A,2019,2019,1,1,1.0
Lennert-Cody,2019,2019,1,1,1.0
Juhel,2019,2019,1,1,1.0
Levesque,2019,2019,1,1,1.0
Lehman,2019,2019,1,1,1.0
Lezama-Ochoa,2019,2019,1,1,1.0
Lucrezi,2019,2019,1,1,1.0
Manishin,2019,2019,1,1,1.0
Mason,2019,2019,1,1,1.0
Marrama,2019,2019,1,1,1.0
Mcmillan,2019,2019,1,1,1.0
Merly,2019,2019,1,1,1.0
Mizrahi,2019,2019,1,1,1.0
Moghadam,2019,2019,1,1,1.0
Morfin,2019,2019,1,1,1.0
Morales-Serna,2019,2019,1,1,1.0
Muñoz,2019,2019,1,1,1.0
Najmudeen,2019,2019,1,1,1.0
MéndezMacías,2019,2019,1,1,1.0
Nashad,2019,2019,1,1,1.0
Márquez-Velásquez,2019,2019,1,1,1.0
Nalesso,2019,2019,1,1,1.0
Moxley,2019,2019,1,1,1.0
Mulas,2019,2019,1,1,1.0
Nunes,2019,2019,1,1,1.0
Nyegaard,2019,2019,1,1,1.0
Nikinmaa,2019,2019,1,1,1.0
Park,2019,2019,1,1,1.0
NasbyLucas,2019,2019,1,1,1.0
Pfaff,2019,2019,1,1,1.0
Qvarnstrom,2019,2019,1,1,1.0
Retallack,2019,2019,1,1,1.0
Quieroz,2019,2019,1,1,1.0
Rowley,2019,2019,1,1,1.0
Robin,2019,2019,1,1,1.0
Ruiz,2019,2019,1,1,1.0
Ruiz-Escobar,2019,2019,1,1,1.0
SanchezSantillan,2019,2019,1,1,1.0
Roycroft,2019,2019,1,1,1.0
Santiz-Gomez,2019,2019,1,1,1.0
Schilds,2019,2019,1,1,1.0
Shamir,2019,2019,1,1,1.0
Semmens,2019,2019,1,1,1.0
Shafiei,2019,2019,1,1,1.0
Smales,2019,2019,1,1,1.0
Sneha,2019,2019,1,1,1.0
Siskey,2019,2019,1,1,1.0
Skubel,2019,2019,1,1,1.0
Stevenson,2019,2019,1,1,1.0
Tak,2019,2019,1,1,1.0
Stat,2019,2019,1,1,1.0
Türker,2019,2019,1,1,1.0
Valente,2019,2019,1,1,1.0
Valentim,2019,2019,1,1,1.0
Vinyard,2019,2019,1,1,1.0
Villalobos-Segura,2019,2019,1,1,1.0
Yemisken,2019,2019,1,1,1.0
Youssef,2019,2019,1,1,1.0
Zimmerhackel,2019,2019,1,1,1.0
Zollett,2019,2019,1,1,1.0
deVos,2015,2015,1,1,1.0
Adamidou,2020,2020,1,1,1.0
Zanella,2019,2019,1,1,1.0
Ahnelt,2020,2020,1,1,1.0
Araya,2020,2020,1,1,1.0
Anna,2020,2020,1,1,1.0
Atallahbenson,2020,2020,1,1,1.0
Arostegui,2020,2020,1,1,1.0
Altobelli,2020,2020,1,1,1.0
Bargnesi,2020,2020,1,1,1.0
BakerMedard,2020,2020,1,1,1.0
Athira,2020,2020,1,1,1.0
Basiaco,2020,2020,1,1,1.0
Begue,2020,2020,1,1,1.0
Bastien,2020,2020,1,1,1.0
Begum,2020,2020,1,1,1.0
BecerrilGarcía,2020,2020,1,1,1.0
Birkmanis,2020,2020,1,1,1.0
Boulanger,2020,2020,1,1,1.0
Boldrocchi,2020,2020,1,1,1.0
Brevé,2020,2020,1,1,1.0
Bouy-Oucos,2020,2020,1,1,1.0
Broadhurst,2020,2020,1,1,1.0
Braulik,2020,2020,1,1,1.0
Brown-Vuillemin,2020,2020,1,1,1.0
Bradford,2020,2020,1,1,1.0
Buckley,2020,2020,1,1,1.0
Cade,2020,2020,1,1,1.0
Canani,2020,2020,1,1,1.0
Chaikin,2020,2020,1,1,1.0
Coll-Calvo,2020,2020,1,1,1.0
Cortés-Fuentes,2020,2020,1,1,1.0
Crear,2020,2020,1,1,1.0
Cuevas-Gómez,2020,2020,1,1,1.0
Cousseau,2020,2020,1,1,1.0
Dennis,2020,2020,1,1,1.0
Currey-Randall,2020,2020,1,1,1.0
Degroot,2020,2020,1,1,1.0
Dhellemmes,2020,2020,1,1,1.0
Daniel,2020,2020,1,1,1.0
Dines,2020,2020,1,1,1.0
DiGiacomo,2020,2020,1,1,1.0
Filous,2017,2017,1,1,1.0
Garla,2017,2017,1,1,1.0
González-Ramos,2017,2017,1,1,1.0
Gilby,2017,2017,1,1,1.0
Gonulal,2017,2017,1,1,1.0
GonzálezPestana,2017,2017,1,1,1.0
Gračan,2017,2017,1,1,1.0
Grassmann,2017,2017,1,1,1.0
Hamm,2017,2017,1,1,1.0
Hees,2017,2017,1,1,1.0
Hobday,2017,2017,1,1,1.0
Herbert,2017,2017,1,1,1.0
Haldar,2017,2017,1,1,1.0
Humber,2017,2017,1,1,1.0
Harasti,2017,2017,1,1,1.0
Hughes,2017,2017,1,1,1.0
Ibarra-Garcia,2017,2017,1,1,1.0
Jamieson,2017,2017,1,1,1.0
Jurado,2017,2017,1,1,1.0
Kacev,2017,2017,1,1,1.0
Karahan,2017,2017,1,1,1.0
Kleitou,2017,2017,1,1,1.0
Kryukova,2017,2017,1,1,1.0
Kvist,2017,2017,1,1,1.0
Kowal-Linka,2017,2017,1,1,1.0
Larson,2017,2017,1,1,1.0
Landini,2017,2017,1,1,1.0
Lemahieu,2017,2017,1,1,1.0
Kemper,2017,2017,1,1,1.0
Lowry,2017,2017,1,1,1.0
Lourembam,2017,2017,1,1,1.0
ManirFeitosa,2017,2017,1,1,1.0
Lynch,2017,2017,1,1,1.0
Oh,2016,2016,1,1,1.0
Parkinson,2017,2017,1,1,1.0
Orbesen,2017,2017,1,1,1.0
Palacios-Barreto,2017,2017,1,1,1.0
Omori,2017,2017,1,1,1.0
Pauliv,2017,2017,1,1,1.0
Panoch,2017,2017,1,1,1.0
Pettinello,2017,2017,1,1,1.0
Polidoro,2017,2017,1,1,1.0
Prasad,2017,2017,1,1,1.0
Raeisi,2017,2017,1,1,1.0
Quimbayo,2017,2017,1,1,1.0
Ramsden,2017,2017,1,1,1.0
Reynolds,2017,2017,1,1,1.0
Salmani,2017,2017,1,1,1.0
MendozaGarfias,2017,2017,1,1,1.0
Salinas-De-Leon,2017,2017,1,1,1.0
Sawyna,2017,2017,1,1,1.0
Seitz,2017,2017,1,1,1.0
Santaquiteria,2017,2017,1,1,1.0
Shiozaki,2017,2017,1,1,1.0
Scharer,2017,2017,1,1,1.0
Soda,2017,2017,1,1,1.0
Steinke,2017,2017,1,1,1.0
Stephen,2017,2017,1,1,1.0
South,2017,2017,1,1,1.0
Trave,2017,2017,1,1,1.0
Tribuzio,2017,2017,1,1,1.0
Trevisan,2017,2017,1,1,1.0
Trystram,2017,2017,1,1,1.0
Van Hees,2017,2017,1,1,1.0
Valls,2017,2017,1,1,1.0
Veríissimo,2017,2017,1,1,1.0
Vieira,2017,2017,1,1,1.0
Weidner,2017,2017,1,1,1.0
Wiens,2017,2017,1,1,1.0
Zeichner,2017,2017,1,1,1.0
d'Alberto,2017,2017,1,1,1.0
Acuna-Marrero,2018,2018,1,1,1.0
Alegret,2018,2018,1,1,1.0
Alvarado-Ortega,2018,2018,1,1,1.0
Abudaya,2018,2018,1,1,1.0
Abesamis,2018,2018,1,1,1.0
Alberti,2018,2018,1,1,1.0
Bakenhaster,2018,2018,1,1,1.0
Arnes-Urgelles,2018,2018,1,1,1.0
Bernardini,2018,2018,1,1,1.0
Benson,2018,2018,1,1,1.0
Biton-Porsmoguer,2018,2018,1,1,1.0
Bird,2018,2018,1,1,1.0
Bourg,2018,2018,1,1,1.0
Biscoito,2018,2018,1,1,1.0
Brena,2018,2018,1,1,1.0
Caltabellotta,2018,2018,1,1,1.0
Burgos-Vázquez,2018,2018,1,1,1.0
Bellono,2018,2018,1,1,1.0
Cantatore,2018,2018,1,1,1.0
Carlucci,2018,2018,1,1,1.0
Brewster,2018,2018,1,1,1.0
Cavicchini,2018,2018,1,1,1.0
Clos,2018,2018,1,1,1.0
Corsso,2018,2018,1,1,1.0
Copping,2018,2018,1,1,1.0
Curtis,2018,2018,1,1,1.0
Couto,2018,2018,1,1,1.0
CórdovaZavaleta,2018,2018,1,1,1.0
Daly,2018,2018,1,1,1.0
Denton,2018,2018,1,1,1.0
DalyEngel,2018,2018,1,1,1.0
Dezfuli,2018,2018,1,1,1.0
Elhassan,2018,2018,1,1,1.0
EspínolaNovelo,2018,2018,1,1,1.0
Cortes,2018,2018,1,1,1.0
Fontenelle,2018,2018,1,1,1.0
Gaube,2018,2018,1,1,1.0
Gonçalves-Silva,2018,2018,1,1,1.0
Gervais,2018,2018,1,1,1.0
Haddad,2018,2018,1,1,1.0
Haig,2018,2018,1,1,1.0
Haulsee,2018,2018,1,1,1.0
Hillary,2018,2018,1,1,1.0
Howard,2018,2018,1,1,1.0
Huttenlocker,2018,2018,1,1,1.0
Janušonis,2018,2018,1,1,1.0
Jerome,2018,2018,1,1,1.0
Jinson,2018,2018,1,1,1.0
Jordaan,2018,2018,1,1,1.0
Klarian,2018,2018,1,1,1.0
Lara-Lizardi,2018,2018,1,1,1.0
Laurent,2018,2018,1,1,1.0
Lambert,2018,2018,1,1,1.0
Lagabrielle,2018,2018,1,1,1.0
Luongo,2018,2018,1,1,1.0
Mahe,2018,2018,1,1,1.0
Marler,2018,2018,1,1,1.0
Linley,2018,2018,1,1,1.0
Manna,2018,2018,1,1,1.0
Mcallister,2018,2018,1,1,1.0
Mendonca,2018,2018,1,1,1.0
Milessi,2018,2018,1,1,1.0
Minto,2018,2018,1,1,1.0
Nau,2018,2018,1,1,1.0
Nazimi,2018,2018,1,1,1.0
Nagasawa,2018,2018,1,1,1.0
Núñez,2018,2018,1,1,1.0
Ozak,2018,2018,1,1,1.0
Ortega-Cisneros,2018,2018,1,1,1.0
Pradeep,2018,2018,1,1,1.0
Prebble,2018,2018,1,1,1.0
Prohaska,2018,2018,1,1,1.0
Pfleger,2018,2018,1,1,1.0
Quaeck-Davies,2018,2018,1,1,1.0
Rieucau,2018,2018,1,1,1.0
Reinhardt,2018,2018,1,1,1.0
Sarmiento-Camacho,2018,2018,1,1,1.0
SerraPereira,2018,2018,1,1,1.0
Sampaio,2018,2018,1,1,1.0
Sprogis,2018,2018,1,1,1.0
Pacoureau,2021,2021,1,1,1.0
Penadés-Suay,2021,2021,1,1,1.0
PiniFitzsimmons,2021,2021,1,1,1.0
Polpetta,2021,2021,1,1,1.0
Regnier,2021,2021,1,1,1.0
Poiesz,2021,2021,1,1,1.0
Reistad,2021,2021,1,1,1.0
Reyes-Mendoza,2021,2021,1,1,1.0
Renaguli,2021,2021,1,1,1.0
Roudsari,2021,2021,1,1,1.0
Roussos,2021,2021,1,1,1.0
Ricci,2021,2021,1,1,1.0
Sandoval-Laurrabaqui,2021,2021,1,1,1.0
Salama,2021,2021,1,1,1.0
Santana-Morales,2021,2021,1,1,1.0
Rupp,2021,2021,1,1,1.0
Schmidt-Roach,2021,2021,1,1,1.0
Sileesh,2021,2021,1,1,1.0
Shaw,2021,2021,1,1,1.0
Schwieterman,2021,2021,1,1,1.0
Soto-Lopez,2021,2021,1,1,1.0
Snene,2021,2021,1,1,1.0
Souza,2021,2021,1,1,1.0
Soykan,2021,2021,1,1,1.0
Sort,2021,2021,1,1,1.0
Stefanni,2021,2021,1,1,1.0
Storo,2021,2021,1,1,1.0
Tamayo,2021,2021,1,1,1.0
TinHan,2021,2021,1,1,1.0
Tinari,2021,2021,1,1,1.0
Suarez,2021,2021,1,1,1.0
Türtscher,2021,2021,1,1,1.0
VanderLinde,2021,2021,1,1,1.0
Velázquez-Chiquito,2021,2021,1,1,1.0
Vedor,2021,2021,1,1,1.0
Weston,2021,2021,1,1,1.0
dIglio,2021,2021,1,1,1.0
de Vincenzi,2021,2021,1,1,1.0
Al-Sabi,2022,2022,1,1,1.0
deBruyn,2021,2021,1,1,1.0
Agne,2022,2022,1,1,1.0
Alonso-Fernandez,2022,2022,1,1,1.0
Álvaro-Berlanga,2021,2021,1,1,1.0
Abidin,2022,2022,1,1,1.0
Ariza,2022,2022,1,1,1.0
Bachiller,2022,2022,1,1,1.0
Assemat,2022,2022,1,1,1.0
Bakke,2022,2022,1,1,1.0
Aroca,2022,2022,1,1,1.0
Barton,2022,2022,1,1,1.0
Andreev,2022,2022,1,1,1.0
Barone,2022,2022,1,1,1.0
BenSaad,2022,2022,1,1,1.0
Baeza,2022,2022,1,1,1.0
BennettWilliams,2022,2022,1,1,1.0
Bergmann,2022,2022,1,1,1.0
Bonanomi,2022,2022,1,1,1.0
BoggioPasqua,2022,2022,1,1,1.0
BrionesMendoza,2022,2022,1,1,1.0
CabreraBusto,2022,2022,1,1,1.0
Caceres,2022,2022,1,1,1.0
CarrilloAguilar,2022,2022,1,1,1.0
Casselberry,2022,2022,1,1,1.0
Brée,2022,2022,1,1,1.0
Clements,2022,2022,1,1,1.0
Corgos,2022,2022,1,1,1.0
Coulson,2022,2022,1,1,1.0
CheroDeLaCruz,2022,2022,1,1,1.0
Cousido-Rocha,2022,2022,1,1,1.0
DiCrescenzo,2022,2022,1,1,1.0
Dawdy,2022,2022,1,1,1.0
Du,2022,2022,1,1,1.0
DiazCarballido,2022,2022,1,1,1.0
Druon,2022,2022,1,1,1.0
Erguden,2022,2022,1,1,1.0
Eduardo,2022,2022,1,1,1.0
Esposito,2022,2022,1,1,1.0
Falsone,2022,2022,1,1,1.0
FernandezQuintero,2022,2022,1,1,1.0
Fong,2022,2022,1,1,1.0
Gajic,2022,2022,1,1,1.0
Giacomin,2022,2022,1,1,1.0
Gerard,2022,2022,1,1,1.0
Farmer,2022,2022,1,1,1.0
GomezRodriguez,2022,2022,1,1,1.0
Goh,2022,2022,1,1,1.0
Godinez-Padilla,2022,2022,1,1,1.0
Goddard,2022,2022,1,1,1.0
Gennari,2022,2022,1,1,1.0
Goodman,2022,2022,1,1,1.0
Greif,2022,2022,1,1,1.0
Grunow,2022,2022,1,1,1.0
Gul,2022,2022,1,1,1.0
Grainger,2022,2022,1,1,1.0
GuyHaim,2022,2022,1,1,1.0
Hesse,2022,2022,1,1,1.0
Hoban,2022,2022,1,1,1.0
Huynh,2022,2022,1,1,1.0
Jac,2021,2021,1,1,1.0
Juan-Jorda,2022,2022,1,1,1.0
Javadi,2022,2022,1,1,1.0
Katzer,2022,2022,1,1,1.0
Jargowsky,2022,2022,1,1,1.0
Jorgensen,2022,2022,1,1,1.0
Kamachali,2022,2022,1,1,1.0
Lassauce,2022,2022,1,1,1.0
Knochel,2022,2022,1,1,1.0
Lennox,2022,2022,1,1,1.0
Levangie,2022,2022,1,1,1.0
Lou,2022,2022,1,1,1.0
Lu,2022,2022,1,1,1.0
Lisnerova,2022,2022,1,1,1.0
LopeteguiEguren,2022,2022,1,1,1.0
Luccisano,2022,2022,1,1,1.0
Macías‐Cuyare,2022,2022,1,1,1.0
Madiga,2022,2022,1,1,1.0
Martnazzo,2022,2022,1,1,1.0
McMurrer,2022,2022,1,1,1.0
McClain,2022,2022,1,1,1.0
McCormack,2022,2022,1,1,1.0
Medeiros,2022,2022,1,1,1.0
Mendoza,2022,2022,1,1,1.0
Molina-Salgado,2022,2022,1,1,1.0
Moreira,2022,2022,1,1,1.0
Monteforte,2022,2022,1,1,1.0
Mickle,2022,2022,1,1,1.0
NeitemeierDuventester,2022,2022,1,1,1.0
MouteiraAzevedo,2022,2022,1,1,1.0
Mull,2022,2022,1,1,1.0
OSullivan,2022,2022,1,1,1.0
Ovegard,2022,2022,1,1,1.0
Palomba,2022,2022,1,1,1.0
Pazzaglia,2022,2022,1,1,1.0
Pirotta,2022,2022,1,1,1.0
Papageorgiou,2022,2022,1,1,1.0
Pawlak,2022,2022,1,1,1.0
Prado,2022,2022,1,1,1.0
PérezPalafox,2022,2022,1,1,1.0
Qi,2022,2022,1,1,1.0
Purcell,2022,2022,1,1,1.0
Porcher,2022,2022,1,1,1.0
Poppelier,2022,2022,1,1,1.0
Reyes-Ramirez,2022,2022,1,1,1.0
Rodriguez-Burgos,2022,2022,1,1,1.0
RojasLópez,2022,2022,1,1,1.0
Rangel-Morales,2022,2022,1,1,1.0
Roose,2022,2022,1,1,1.0
Salas-Garzon,2022,2022,1,1,1.0
RuizJarabo,2022,2022,1,1,1.0
SaldanaRuiz,2022,2022,1,1,1.0
Seguigne,2022,2022,1,1,1.0
Sekey,2022,2022,1,1,1.0
Seidu,2022,2022,1,1,1.0
Sbrana,2022,2022,1,1,1.0
Shibuya,2022,2022,1,1,1.0
Schaber,2022,2022,1,1,1.0
Siders,2022,2022,1,1,1.0
Stark,2022,2022,1,1,1.0
Soekoe,2022,2022,1,1,1.0
Steinberg,2022,2022,1,1,1.0
Then,2022,2022,1,1,1.0
Tomasoni,2022,2022,1,1,1.0
Thompson,2022,2022,1,1,1.0
Tewfik,2022,2022,1,1,1.0
Viducic,2022,2022,1,1,1.0
TrindadeSantos,2022,2022,1,1,1.0
Villate-Moreno,2022,2022,1,1,1.0
Wambiji,2022,2022,1,1,1.0
Vilmar,2022,2022,1,1,1.0
Womersley,2022,2022,1,1,1.0
Villagra,2022,2022,1,1,1.0
ZemahShamir,2022,2022,1,1,1.0
VillalobosSegura,2022,2022,1,1,1.0
Adachi,2023,2023,1,1,1.0
Albano,2023,2023,1,1,1.0
delaFuente,2022,2022,1,1,1.0
Armada-Tapia,2023,2023,1,1,1.0
AlvarezFuentes,2023,2023,1,1,1.0
Zhu,2022,2022,1,1,1.0
AsunsoloRivera,2023,2023,1,1,1.0
Balanin,2023,2023,1,1,1.0
Bettcher,2023,2023,1,1,1.0
Borkowski,2023,2023,1,1,1.0
Bourke,2023,2023,1,1,1.0
Bottaro,2023,2023,1,1,1.0
Burns,2023,2023,1,1,1.0
Boube,2023,2023,1,1,1.0
CabanillasTorpoco,2023,2023,1,1,1.0
Cahill,2023,2023,1,1,1.0
Carroll,2023,2023,1,1,1.0
Chelotti,2023,2023,1,1,1.0
Cañadas,2023,2023,1,1,1.0
Cheng,2023,2023,1,1,1.0
Chamorro,2023,2023,1,1,1.0
Dash,2023,2023,1,1,1.0
Dannemiller,2023,2023,1,1,1.0
DeBenedetto,2023,2023,1,1,1.0
Cronin,2023,2023,1,1,1.0
DevlooDelva,2023,2023,1,1,1.0
Dixon,2023,2023,1,1,1.0
Dolton,2023,2023,1,1,1.0
EspinoRuano,2023,2023,1,1,1.0
DellApa,2023,2023,1,1,1.0
Elloumi,2023,2023,1,1,1.0
Dinkel,2020,2020,1,1,1.0
Dewysiecki,2020,2020,1,1,1.0
Eerkes-Medrano,2020,2020,1,1,1.0
Feutry,2020,2020,1,1,1.0
Fuller,2020,2020,1,1,1.0
Ganjgah,2020,2020,1,1,1.0
Geng,2020,2020,1,1,1.0
Golzarianpour,2020,2020,1,1,1.0
Georgeson,2020,2020,1,1,1.0
Gimenez,2020,2020,1,1,1.0
González-Pestana,2020,2020,1,1,1.0
Frumkin,2020,2020,1,1,1.0
Grimmel,2020,2020,1,1,1.0
Guyer,2020,2020,1,1,1.0
Guyomard,2020,2020,1,1,1.0
Heever,2020,2020,1,1,1.0
Hoffmann,2020,2020,1,1,1.0
Hoopes,2020,2020,1,1,1.0
Kawanishi,2020,2020,1,1,1.0
Kadar,2020,2020,1,1,1.0
Larsen,2020,2020,1,1,1.0
LeCroizier,2020,2020,1,1,1.0
LezarnaOchoa,2020,2020,1,1,1.0
Lopez-Alvarez,2020,2020,1,1,1.0
Maduna,2020,2020,1,1,1.0
Maes,2020,2020,1,1,1.0
Maisey,2020,2020,1,1,1.0
Malyshkina,2020,2020,1,1,1.0
Mancia,2020,2020,1,1,1.0
Marongiu,2020,2020,1,1,1.0
Mcdavitt,2020,2020,1,1,1.0
Martínez-Candelas,2020,2020,1,1,1.0
Medina-Trujillo,2020,2020,1,1,1.0
Menon,2020,2020,1,1,1.0
Molony,2020,2020,1,1,1.0
MonteroQuintana,2020,2020,1,1,1.0
Morales-Ramirez,2020,2020,1,1,1.0
Naugolnykh,2020,2020,1,1,1.0
Nykanen,2020,2020,1,1,1.0
O'Neill,2020,2020,1,1,1.0
Okkay,2020,2020,1,1,1.0
Palacios-Hernández,2020,2020,1,1,1.0
Pate,2020,2020,1,1,1.0
Petatán-Ramírez,2020,2020,1,1,1.0
Peristeraki,2020,2020,1,1,1.0
Pineda,2020,2020,1,1,1.0
Popp,2020,2020,1,1,1.0
Petta,2020,2020,1,1,1.0
Porcu,2020,2020,1,1,1.0
Priede,2020,2020,1,1,1.0
Pinhal,2020,2020,1,1,1.0
Romeo,2020,2020,1,1,1.0
Rizo-Fuentes,2020,2020,1,1,1.0
RamírezAmaro,2020,2020,1,1,1.0
Roman,2020,2020,1,1,1.0
Ruelas-Inzunza,2020,2020,1,1,1.0
Salahi,2020,2020,1,1,1.0
Rosende-Pereiro,2020,2020,1,1,1.0
Rummer,2020,2020,1,1,1.0
Saidi,2020,2020,1,1,1.0
Sabando,2020,2020,1,1,1.0
Schmole,2020,2020,1,1,1.0
Sardenne,2020,2020,1,1,1.0
Sciara,2020,2020,1,1,1.0
Schlaff,2020,2020,1,1,1.0
Silveira,2020,2020,1,1,1.0
Singh,2020,2020,1,1,1.0
Smallegange,2020,2020,1,1,1.0
Spyridopoulou,2020,2020,1,1,1.0
Skinner,2020,2020,1,1,1.0
Staden,2020,2020,1,1,1.0
Sukumaran,2020,2020,1,1,1.0
Stoeckle,2020,2020,1,1,1.0
SteMarie,2020,2020,1,1,1.0
Stokes,2020,2020,1,1,1.0
Somerville,2020,2020,1,1,1.0
Teixeira,2020,2020,1,1,1.0
Tinhan,2020,2020,1,1,1.0
Torres-Carrera,2020,2020,1,1,1.0
Trenkel,2020,2020,1,1,1.0
Tiktak,2020,2020,1,1,1.0
Tuya,2020,2020,1,1,1.0
Tschopp,2020,2020,1,1,1.0
Vanhoutan,2020,2020,1,1,1.0
Vaskaninova,2020,2020,1,1,1.0
VanderSpuy,2020,2020,1,1,1.0
Tutken,2020,2020,1,1,1.0
Vincent,2020,2020,1,1,1.0
Weinrauch,2020,2020,1,1,1.0
Yon,2020,2020,1,1,1.0
Zaragoza-Tapia,2020,2020,1,1,1.0
delMoralFlores,2020,2020,1,1,1.0
Wynd,2020,2020,1,1,1.0
Ñacari,2020,2020,1,1,1.0
Aalbers,2021,2021,1,1,1.0
Agyeman,2021,2021,1,1,1.0
Ziadi-Künzli,2020,2020,1,1,1.0
Allen,2021,2021,1,1,1.0
Argeswara,2021,2021,1,1,1.0
Arrowsmith,2021,2021,1,1,1.0
Ayres,2021,2021,1,1,1.0
ArnesUrgelles,2021,2021,1,1,1.0
Atake,2021,2021,1,1,1.0
Azeez,2021,2021,1,1,1.0
Baje,2021,2021,1,1,1.0
Baro-Camarasa,2021,2021,1,1,1.0
Bass,2021,2021,1,1,1.0
BacheJeffreys,2021,2021,1,1,1.0
Barcak,2021,2021,1,1,1.0
Berges-Tiznado,2021,2021,1,1,1.0
Bouveroux,2021,2021,1,1,1.0
Bonaccorso,2021,2021,1,1,1.0
Bonnin,2021,2021,1,1,1.0
Bowlby,2021,2021,1,1,1.0
Boyd,2021,2021,1,1,1.0
Cabbar,2021,2021,1,1,1.0
Canfield,2021,2021,1,1,1.0
Button,2021,2021,1,1,1.0
CarrilloColín,2021,2021,1,1,1.0
BuenoPardo,2021,2021,1,1,1.0
Chan,2021,2021,1,1,1.0
Chynel,2021,2021,1,1,1.0
Clark-Shen,2021,2021,1,1,1.0
Chatzispyrou,2021,2021,1,1,1.0
Contreras-Reyes,2021,2021,1,1,1.0
Cordova,2021,2021,1,1,1.0
Colbachini,2021,2021,1,1,1.0
CarrilloBriceño,2021,2021,1,1,1.0
Hayata,2021,2021,1,1,1.0
HarveyCarroll,2021,2021,1,1,1.0
Heinrich,2021,2021,1,1,1.0
Hermans,2021,2021,1,1,1.0
Jannot,2021,2021,1,1,1.0
Jubinville,2021,2021,1,1,1.0
Ip,2021,2021,1,1,1.0
Jordan,2021,2021,1,1,1.0
Ju,2021,2021,1,1,1.0
Karlovic,2021,2021,1,1,1.0
Kovalchuk,2021,2021,1,1,1.0
Lauria,2015,2015,1,1,1.0
Lawrence,2021,2021,1,1,1.0
Leeb,2021,2021,1,1,1.0
Leduc,2021,2021,1,1,1.0
LopezAngarita,2021,2021,1,1,1.0
Mallefet,2021,2021,1,1,1.0
Mathger,2021,2021,1,1,1.0
Madduppa,2021,2021,1,1,1.0
Mclennan,2021,2021,1,1,1.0
Merillet,2021,2021,1,1,1.0
Montes-Dominguez,2021,2021,1,1,1.0
Milankovic,2021,2021,1,1,1.0
MunozBaquero,2021,2021,1,1,1.0
Mustika,2021,2021,1,1,1.0
Mukherji,2021,2021,1,1,1.0
Nay,2021,2021,1,1,1.0
Murua,2021,2021,1,1,1.0
Norris,2021,2021,1,1,1.0
Noviello,2021,2021,1,1,1.0
Oosthuizen,2021,2021,1,1,1.0
Ordines,2021,2021,1,1,1.0
Paez-Rosas,2021,2021,1,1,1.0
Paillard,2021,2021,1,1,1.0
Pelamatti,2021,2021,1,1,1.0
Pearce,2021,2021,1,1,1.0
